{
    "FontRegular": "Formula1-Regular",
    "FontWide": "Formula1-Regular",
    "FontBold": "Formula1-Bold",
    "FontItalic": "Formula1-Italic",
    "FontBlack": "Formula1-Black",
    "White": "FFFFFF",
    "Black": "000000",
    "FontSizeDefault": 30,
    "ForegroundDefault": "ABACB5",
    "ForegroundAlt": "F8FBFF",
    "ForegroundT2": "#7E41D4",
    "BackgroundDefault": "13151D",
    "BackgroundAlt": "13151D",
    "P1Background": "FFFFFF",
    "BackgroundAlt1": "#ABACB5",

    //margins
    "MarginRoot": "48, 40, 48, 40",
    "MarginTable": "0, 0",
    "MarginSeparator" : "0,0,0,5",

    //colors
    "ReserveDriverNumberForeground": "ABACB5",
    "RedBullOfficial": "15185F",
    "FerrariOfficial": "FE0000",
    "MercedesOfficial": "00A19C",
    "AlpineOfficial": "0C1E2C",
    "McLarenOfficial": "FD8000",
    "AlfaRomeoOfficial": "A50E2D",
    "AstonMartinOfficial": "015850",
    "HaasOfficial": "E30713",
    "HaasOfficialGrey": "B6BABD",
    "AlphaTauriOfficial": "022948",
    "WilliamsOfficial": "081B55",
    "WilliamsOfficial2": "03A0E3",
    "AlpineLineUpForeground": "006FBA",
    "WilliamsLineUpForeground": "00A0DE",
    "ForegroundDarker": "#FF969696",
    "TableColumnHeaderForeground": "#AABBBBBB",
    "PenaltyTimeGameForeground": "#FFFFFF",
    "PenaltyTimeStewardsForeground": "#FFFFFF",
    "FastestLapRaceSelectedForeground": "#DC46DC",
    "FastestLapRaceStickerBackground": "",
    "DriverDayRaceStickerBackground": "#2000CC00",
    "FastestLapQualSelectedForeground": "#CC25CC",
    "StandingsPointsForeground": "#c7c7c7",
    "Standings1stCountForeground": "#FFD700",
    "Standings2ndCountForeground": "#C0C0C0",
    "Standings3rdCountForeground": "#CD7F32",
    "StandingsTop5Foreground": "5DFF41",
    "StandingsTop10Foreground": "00A2E8",
    "StandingsFastestLapCountForeground": "#C46AC4",
    "StandingsPoleCountForeground": "#E046E0",
    "StandingsPenaltyPointCountForeground": "#BC0505",
    "StandingsDNFForeground": "ED484A",
    "StandingsDOTDForeground": "FF7F27",
    "StandingsBestPositionForeground": "99D9EA",
    "SeasonProgressPositionDefaultForeground": "#999999",
    "SeasonProgressPositionNotClassifiedForeground": "#999999",
    "SeasonProgressPositionWorstEventForeground": "#00000",
    "SeasonProgressPositionTop10Foreground": "#CCCCCC",
    "SeasonProgressPositionTop1Foregound": "#DDDD11",
    "SeasonProgressPointsForeground": "#AFAFAF",
    "SeasonProgressPointsZeroForeground": "#666666",
    "SeasonProgressPointsTopForeground": "#C2C2C2",
    "SeasonProgressPointsFastestLapForeground": "#C719C7",
    "SeasonProgressPointsPoleBackground": "#8182ff",
    "NonChampRace": "#028CD6",
    "FontSizeRightPart" : "30",
    "StintsBarHeight" : "16",
    "StintsBarPositionY" : "42",
    "StintsBarPos": "50",
    "StintsBGHeight" : "100",

    "FIAFontSize": "28",
    "FIAText": "#000000",
    "FIALine": "#000000",
    "FIAGrandPrix": "#ff1801",
    "FIAMarginDetailsArea": "50,0,50,0",
    "FIALeftBlockWidth" : "290",
    "FIARightBlockWidth" : "1500",
    "FIAFont": "Formula1-Regular",
    "FIAFontWide": "Formula1-Wide",
    "FIAFontBold" :"Formula1-Bold",
    "PenaltySeparator": "#000000",
    "FIABGColor" : "#09FFFFFF"
}