{
  "DarkTheme": true,
  "PlainBackground": false,
  "RenderPositions": false,
  "DriverNumber": false,
  "PositionJump": true,
  "GapInterval": false,
  "GapLeader": false,
  "Podiums": false,
  "Top5": false,
  "Top10": false,
  "Best": false,
  "DOTD": true,
  "FastestLap": false,
  "Poles": false,
  "PenaltyPoints": true,
  "DNF": false,
  "Events": false,
  "Warnings": true,
  "Time": true,
  "Laps": true,
  "Grid": true,
  "PitStops": true,
  "Speed": true,
  "Overtakes": true,
  "Penalties": true,
  "Stints": true,
  "FLPoint": true,
  "SectorTimes": true,
  "QualiFooter": false,
  "StatisticsDescription": true,
  "PositionProgress": true,
  "UseDriverAvatars": true,
  "TeamNumberFontOnLineUps": false,
  "NotF1SeasonOrCustomTeams": false,
  "RenderTeamColours": true,
  "RealNameOnRenders": false,
  "InGameNameOnRenders": false,
  "FullNameOnRenders": true,
  "SwitchNameFields": false,
  "DriverNameOnLineUp": false,
  "InGameNameOnLineUps": true,
  "ChampionColour": false,
  "RenderReserveDriver": false,
  "RenderPenaltySeparator": true,
  "RenderPenaltyVerdict": false,
  "ChangeWordOrder": false,
  "DriverLimit": 10,
  "StartPositionsFrom": 0,
  "FontSizeOnOfficialRenders": 38,
  "SecondCalendarEventsInColumn": 5,
  "LogoSize": 44,
  "ReserveDriverMax": 0,
  "TheGridPositionLength": 920,
  "StewardReportType": "Report",
  "GPName": "Austrian"
}