{
    "BlockRoot": {
        "Name": "mainStack",
        "BlockType": "stack",
        "Margin": "{MarginRoot}",    
        "Orientation": "Vertical",
        "Items": [
            //header block
            {
                "BlockType" : "component",
                "ComponentName" : "header_block_session"
            },

            //table
            {
                "Name": "mainTable",
                "BlockType": "table",
                "Margin" : "{MarginTable}",
                "MarginRight" : 100,
                "TableOptions": {
                    "ItemsSource": "{Session.Drivers}",
                    "Limit": "{DriverLimit}",
                    "IndexStart": "{StartPositionsFrom}",
                    "RowSpacing": 30,
                    "ColSpacing": 0,
                    "HeaderTemplate": {
                        "BlockType": "text",
                        "MarginBottom": 12,
                        "TextOptionsExtern" : "tableColumnHeader"
                    },
                    "Columns": [
                        //position
                        {
                            "Header": "",
                            "Template": {
                                "BlockType" : "component", 
                                "PaddingRight": 15, 
                                "RenderIf": "{RenderPositions}",                              
                                "ComponentName" : "columns",
                                "ComponentOptions" :{
                                    "Vars" :{
                                        "padding": "0, 0",
                                        "width": "45",
                                        "background": "",
                                        "source" : "{Item.Position}",
                                        "font" : "{FontItalic}",
                                        "foreground" : "",
                                        "fontsize" : "30"
                                    }
                                },
                                "Triggers" : [
                                    {
                                        "Condition": "{ItemIndex, Converter=NumberEquals, Parameter=0}",
                                        "Property": "Foreground",
                                        "Value": "{Black}"
                                    },
                                    {
                                        "Condition": "{ItemIndex, Converter=NumberEquals, Parameter=0}",
                                        "Property": "Background",
                                        "Value": "{White}"
                                    },
                                    {
                                        "Condition": "{ChampionColour}",
                                        "Property": "Background",
                                        "Value": "E9C652"
                                    },
                                    {
                                        "Condition": "{ItemIndex, Converter=NumberGreater, Parameter=0}",
                                        "Property": "Background",
                                        "Value": ""
                                    }
                                ]                           
                            }
                        },
                        {
                            "Header": "",
                            "Template": {
                                "BlockType" : "component",  
                                "RenderIf": "{DriverNumber}",                              
                                "ComponentName" : "columns",
                                "ComponentOptions" :{
                                    "Vars" :{
                                        "padding": "12, 0",
                                        "width": "",
                                        "background": "",
                                        "source" : "{Item.RaceNumber}",
                                        "font" : "{FontItalic}",
                                        "foreground" : "{Item.Team.Color}",
                                        "fontsize" : "30"
                                    }
                                },
                                "Triggers" : [
                                    {
                                        "Condition": "{Item.Team.Name, Converter=EmptyObjectToTrue}",
                                        "Property": "Foreground",
                                        "Value": "{ReserveDriverNumberForeground}"
                                    },
                                    {
                                        "Condition": "{ItemIndex, Converter=NumberEquals, Parameter=0}",
                                        "Property": "Foreground",
                                        "Value": "{Black}"
                                    },
                                    {
                                        "Condition": "{ItemIndex, Converter=NumberEquals, Parameter=0}",
                                        "Property": "Background",
                                        "Value": "{White}"
                                    },
                                    {
                                        "Condition": "{ChampionColour}",
                                        "Property": "Background",
                                        "Value": "E9C652"
                                    },
                                    {
                                        "Condition": "{ItemIndex, Converter=NumberGreater, Parameter=0}",
                                        "Property": "Background",
                                        "Value": ""
                                    },
                                    {
                                        "Condition": "{Item.IsLiveData, Converter=BoolReverse}",
                                        "Property": "RenderIf",
                                        "Value": "False"
                                    }
                                ]                           
                            }
                        },
                        //driver line
                        {
                            "Header": "",
                            "WidthStretch" : true,
                            "Template":
                            {
                                "BlockType" : "component",
                                "ComponentName" : "driver_line_cell"                                
                            }
                        },

                        {
                            "Header": "",
                            "WidthStretch" : true,
                            "Template":
                            {
                                "BlockType" : "component",
                                "ComponentName" : "team_line_cell"                                
                            }
                        },                        
                        {
                            "Header": "[TIME]",
                            "Template": {
                                "BlockType" : "component", 
                                "RenderIf": "{Time}",                                
                                "ComponentName" : "columns",
                                "ComponentOptions" :{
                                    "Vars" :{
                                        "padding": "12, 0",
                                        "width": "",
                                        "background": "",
                                        "source" : "{Item.AbsoluteTime}",
                                        "font" : "{FontItalic}",
                                        "foreground" : "",
                                        "fontsize" : "30"
                                    }
                                },
                                "Triggers": [
                                    {
                                        "Condition": "{ItemIndex, Converter=NumberEquals, Parameter=0}",
                                        "Property": "Foreground",
                                        "Value": "{Black}"
                                    },
                                    {
                                        "Condition": "{ItemIndex, Converter=NumberEquals, Parameter=0}",
                                        "Property": "Background",
                                        "Value": "{White}"
                                    },
                                    {
                                        "Condition": "{ChampionColour}",
                                        "Property": "Background",
                                        "Value": "E9C652"
                                    },
                                    {
                                        "Condition": "{ItemIndex, Converter=NumberGreater, Parameter=0}",
                                        "Property": "Background",
                                        "Value": ""
                                    },
                                    {
                                        "Condition": "{ItemIndex, Converter=NumberEquals, Parameter=0}",
                                        "Property": "Foreground",
                                        "Value": "{FastestLapQualSelectedForeground}"
                                    },
                                    {
                                        "Condition": "{Item.AbsoluteTime, Converter=StringEquals, Parameter=0.000}",
                                        "Property": "Source",
                                        "Value": ""
                                    }
                                ]                           
                            }
                        },
                        {
                            "Header": "[INTERVAL]",
                            "Template": {
                                "BlockType" : "component",                                
                                "ComponentName" : "columns",
                                "ComponentOptions" :{
                                    "Vars" :{
                                        "padding": "20, 0",
                                        "width": "",
                                        "background": "",
                                        "source" : "{Item.Time}",
                                        "font" : "{FontItalic}",
                                        "foreground" : "",
                                        "fontsize" : "30"
                                    }
                                },
                                "Triggers": [
                                    {
                                        "Condition": "{ItemIndex, Converter=NumberEquals, Parameter=0}",
                                        "Property": "Foreground",
                                        "Value": "{Black}"
                                    },
                                    {
                                        "Condition": "{ItemIndex, Converter=NumberEquals, Parameter=0}",
                                        "Property": "Background",
                                        "Value": "{White}"
                                    },
                                    {
                                        "Condition": "{ChampionColour}",
                                        "Property": "Background",
                                        "Value": "E9C652"
                                    },
                                    {
                                        "Condition": "{ItemIndex, Converter=NumberGreater, Parameter=0}",
                                        "Property": "Background",
                                        "Value": ""
                                    },
                                    {
                                        "Condition": "{ItemIndex, Converter=NumberEquals, Parameter=0}",
                                        "Property": "Source",
                                        "Value": ""
                                    },
                                    {
                                        "Condition": "{Time, Converter=BoolReverse}",
                                        "Property": "Source",
                                        "Value": "{Item.Time}"
                                    },
                                    {
                                        "Condition": "{ItemIndex, Converter=NumberEquals, Parameter=0}",
                                        "Property": "Foreground",
                                        "Value": "{FastestLapQualSelectedForeground}"
                                    },
                                    {
                                        "Condition": "{Item.Time, Converter=StringEquals, Parameter=0.000}",
                                        "Property": "Source",
                                        "Value": ""
                                    }
                                ]                           
                            }
                        },
                        {
                            "Header": "[TYRE]",
                            "Template": {                                                               
                                "BlockType": "dock",
                                "RenderIf": "{Stints}",
                                "Padding": "40, 0",                                
                                "VerticalAlignment" : "Center",
                                "HorizontalAlignment" : "Center",
                                "Background": "{BackgroundDefault}",
                                "Triggers": [
                                    {
                                        "Condition": "{ItemIndex, Converter=NumberEquals, Parameter=0}",
                                        "Property": "Background",
                                        "Value": "{White}"
                                    },
                                    {
                                        "Condition": "{ChampionColour}",
                                        "Property": "Background",
                                        "Value": "E9C652"
                                    },
                                    {
                                        "Condition": "{ItemIndex, Converter=NumberGreater, Parameter=0}",
                                        "Property": "Background",
                                        "Value": ""
                                    },
                                ], 
                                "Items" :[
                                    {
                                        "BlockType": "image",
                                        "Source": "tyres_{Item.FastestLapTyres}.png",
                                        "VerticalAlignment" : "Center",
                                        "HorizontalAlignment": "Center",
                                        "Height": 38,
                                        "Width": 38,     
                                    },
                                ]                                 
                            }
                        },
                        {
                            "Header": "[S1]",
                            "Template": {
                                "BlockType" : "component", 
                                "RenderIf": "{SectorTimes}",                                
                                "ComponentName" : "columns",
                                "ComponentOptions" :{
                                    "Vars" :{
                                        "padding": "16, 0",
                                        "width": "",
                                        "background": "",
                                        "source" : "{Item.FastestLapSector1}",
                                        "font" : "{FontItalic}",
                                        "foreground" : "",
                                        "fontsize" : "30"
                                    }
                                },
                                "Triggers": [
                                    {
                                        "Condition": "{ItemIndex, Converter=NumberEquals, Parameter=0}",
                                        "Property": "Foreground",
                                        "Value": "{Black}"
                                    },
                                    {
                                        "Condition": "{ItemIndex, Converter=NumberEquals, Parameter=0}",
                                        "Property": "Background",
                                        "Value": "{White}"
                                    },
                                    {
                                        "Condition": "{ChampionColour}",
                                        "Property": "Background",
                                        "Value": "E9C652"
                                    },
                                    {
                                        "Condition": "{ItemIndex, Converter=NumberGreater, Parameter=0}",
                                        "Property": "Background",
                                        "Value": ""
                                    },
                                    {
                                        "Condition": "{Item.IsOverallFastestSector1}",
                                        "Property": "Foreground",
                                        "Value": "{FastestLapQualSelectedForeground}"
                                    }
                                ]                           
                            }
                        },
                        {
                            "Header": "[S2]",
                            "Template": {
                                "BlockType" : "component", 
                                "RenderIf": "{SectorTimes}",                                
                                "ComponentName" : "columns",
                                "ComponentOptions" :{
                                    "Vars" :{
                                        "padding": "16, 0",
                                        "width": "",
                                        "background": "",
                                        "source" : "{Item.FastestLapSector2}",
                                        "font" : "{FontItalic}",
                                        "foreground" : "",
                                        "fontsize" : "30"
                                    }
                                },
                                "Triggers": [
                                    {
                                        "Condition": "{ItemIndex, Converter=NumberEquals, Parameter=0}",
                                        "Property": "Foreground",
                                        "Value": "{Black}"
                                    },
                                    {
                                        "Condition": "{ItemIndex, Converter=NumberEquals, Parameter=0}",
                                        "Property": "Background",
                                        "Value": "{White}"
                                    },
                                    {
                                        "Condition": "{ChampionColour}",
                                        "Property": "Background",
                                        "Value": "E9C652"
                                    },
                                    {
                                        "Condition": "{ItemIndex, Converter=NumberGreater, Parameter=0}",
                                        "Property": "Background",
                                        "Value": ""
                                    },
                                    {
                                        "Condition": "{Item.IsOverallFastestSector2}",
                                        "Property": "Foreground",
                                        "Value": "{FastestLapQualSelectedForeground}"
                                    }
                                ]                           
                            }
                        },
                        {
                            "Header": "[S3]",
                            "Template": {
                                "BlockType" : "component", 
                                "RenderIf": "{SectorTimes}",                                
                                "ComponentName" : "columns",
                                "ComponentOptions" :{
                                    "Vars" :{
                                        "padding": "16, 0",
                                        "width": "",
                                        "background": "",
                                        "source" : "{Item.FastestLapSector3}",
                                        "font" : "{FontItalic}",
                                        "foreground" : "",
                                        "fontsize" : "30"
                                    }
                                },
                                "Triggers": [
                                    {
                                        "Condition": "{ItemIndex, Converter=NumberEquals, Parameter=0}",
                                        "Property": "Foreground",
                                        "Value": "{Black}"
                                    },
                                    {
                                        "Condition": "{ItemIndex, Converter=NumberEquals, Parameter=0}",
                                        "Property": "Background",
                                        "Value": "{White}"
                                    },
                                    {
                                        "Condition": "{ChampionColour}",
                                        "Property": "Background",
                                        "Value": "E9C652"
                                    },
                                    {
                                        "Condition": "{ItemIndex, Converter=NumberGreater, Parameter=0}",
                                        "Property": "Background",
                                        "Value": ""
                                    },
                                    {
                                        "Condition": "{Item.IsOverallFastestSector3}",
                                        "Property": "Foreground",
                                        "Value": "{FastestLapQualSelectedForeground}"
                                    }
                                ]                           
                            }
                        },
                        {
                            "Header": "[LAPS]",
                            "Template": {
                                "BlockType" : "component", 
                                "RenderIf": "{Laps}",                                
                                "ComponentName" : "columns",
                                "ComponentOptions" :{
                                    "Vars" :{
                                        "padding": "16, 0",
                                        "width": "",
                                        "background": "",
                                        "source" : "{Item.LapsCount, Converter=NumberZeroToEmpty}",
                                        "font" : "{FontItalic}",
                                        "foreground" : "",
                                        "fontsize" : "30"
                                    }
                                },
                                "Triggers": [
                                    {
                                        "Condition": "{ItemIndex, Converter=NumberEquals, Parameter=0}",
                                        "Property": "Foreground",
                                        "Value": "{Black}"
                                    },
                                    {
                                        "Condition": "{ItemIndex, Converter=NumberEquals, Parameter=0}",
                                        "Property": "Background",
                                        "Value": "{White}"
                                    },
                                    {
                                        "Condition": "{ChampionColour}",
                                        "Property": "Background",
                                        "Value": "E9C652"
                                    },
                                    {
                                        "Condition": "{ItemIndex, Converter=NumberGreater, Parameter=0}",
                                        "Property": "Background",
                                        "Value": ""
                                    }
                                ]                           
                            }
                        }
                    ]
                }
            },
            {
                "BlockType" : "stack",
                "Margin" : "0, 20, 0, 0",
                "Spacing" : 0,
                "Items" :[
                    {
                        "BlockType" : "component",
                        "RenderIf": "{QualiFooter}",
                        "Name" : "stickerFastestLap",
                        "ComponentOptions" :
                        {
                            "ComponentName" : "sticker_quali",
                            "Vars" :
                            {
                                "bg" : "",
                                "tyre" : "[AVAILABLE TYRES]:",
                                "soft" :  "[SOFT]",
                                "medium": "[MEDIUM]",
                                "hard":   "[HARD]",
                                "int" :   "[INTERMEDIATE]",
                                "wet":    "[WET]"
                            }
                        }
                    }
                ]
            }            
        ]
    }
}
