{
    "BlockRoot": {
        "Name": "mainStack",
        "BlockType": "stack",
        "Margin": "{MarginRoot}",       
        "Orientation": "Vertical",
        "Items": [
            {
                "BlockType" : "component",
                "ComponentName" : "header_block",
                "ComponentOptions" : {
                    "Vars" : {
                        "headerlefttext" : "{Season.LeagueInfo.LeagueShortName} · {Season.Name} · Qualification Positions"
                    }
                }
            },
            {
                "BlockType" : "component",
                "ComponentName" : "separator"
            },
            {
                "Name": "mainTable",
                "BlockType": "table",
                "Margin": "{MarginTable}",
                "TableOptions": {
                    "ItemsSource": "{Standings.Drivers}",
                    "HeaderTemplate": {
                        "BlockType": "text",
                        "MarginBottom": 8
                    },
                    "Columns": [
                        {
                            "Header": "",
                            "Template": {
                                "BlockType": "component",
                                "ComponentName": "position_cell",
                                "ComponentOptions": {
                                    "Vars": {
                                        "position": "{Item.Position}"
                                    }
                                }
                            }
                        },
                        {
                            "Header": "",
                            "MarginRight" : 24,
                            "Template": {
                                "BlockType": "component",
                                "ComponentName": "driver_and_team_dock"
                            }
                        },
                        {
                            "MarginLeft" : 6,
                            "MultiColumnHeadersSource": "{Standings.Events}",
                            "MultiColumnItemsSource": "{Item.Events}",
                            "MultiColumnHeaderTemplate": {
                                "BlockType": "stack",
                                "Orientation": "Vertical",
                                "Spacing": 4,
                                "HorizontalAlignment": "Center",
                                "Items": [
                                    {
                                        "BlockType": "image",
                                        "Source": "{Item.Track.Nation.LogoPath}",
                                        "HorizontalAlignment": "Center",
                                        "Height": 32
                                    },
                                    {
                                        "BlockType": "text",
                                        "MarginBottom": 8,
                                        "HorizontalAlignment": "Center",
                                        "Source": "{Item.Track.Nation.Code}",
                                        "TextOptionsExtern" : "tableHeader"                                       
                                    }
                                ]
                            },
                            "Width": 55,
                            "Template": {
                                "Padding": "12, 0",
                                "BlockType": "text",
                                "Source": "{Item.QualMajorPositionString}",
                                "HorizontalAlignment": "Left",
                                "TextOptionsExtern" : "positionCell",
                                "TextOptions": {
                                    "HorizontalAlignment": "Center"
                                },
                                "Triggers": [
                                    {
                                        "Condition": "{Item.IsRaceMajorClassified, Converter=BoolReverse}",
                                        "Setters": [
                                            {
                                                "Property": "Foreground",
                                                "Value": "{SeasonProgressPositionNotClassifiedForeground}"
                                            }
                                        ]
                                    },
                                    {
                                        "Condition": "{Item.RaceMajorPosition, Converter=NumberLess, Parameter=11}",
                                        "Setters": [
                                            {
                                                "Property": "Foreground",
                                                "Value": "{SeasonProgressPositionTop10Foreground}"
                                            }
                                        ]
                                    },
                                    {
                                        "Condition": "{Item.QualMajorPosition, Converter=NumberEquals, Parameter=1}",
                                        "Setters": [
                                            {
                                                "Property": "Foreground",
                                                "Value": "{SeasonProgressPositionTop1Foregound}"
                                            }
                                        ]
                                    }
                                ]
                            }
                        }                        
                    ]
                }
            },
            {
                "BlockType" : "component",
                "ComponentName" : "bg_footer"
            }
        ]
    }
}