{
    "Race" : "Race",
    "Qual" : "Qual",
    "Practice" : "Practice",
    "Round" : "Round",
    "of" : "of",
    "laps" : "laps",
    "min" : "min",
    "Interval" : "Interval",
    "Pen. Time" : "Pen. Time",
    "Fastest Lap" : "Fastest Lap",
    "Stints" : "Stints",
    "STINTS" : "STINTS",
    "Pts" : "Pts",
    "PTS" : "PTS",
    "Wins" : "Wins",
    "2nd" : "2nd",
    "3rd" : "3rd",
    "FL" : "FL",
    "Poles" : "Poles",
    "Pen. pts" : "Pen. pts",
    "Events" : "Events",
    "LINE-UP" : "LINE-UP",
    "RACES" : "RACES",
    "Time" : "Time",
    "Laps" : "Laps",
    "LAPS" : "LAPS",
    "PLACE PEN." : "PLACE PEN.",
    "TIME/GAP" : "TIME/GAP",
    "LAP TIME" : "LAP TIME",
    "FL TIME" : "FL TIME",
    "TEAM":"TEAM",
    "DRIVER" : "DRIVER",
    "CLASSIFICATION" : "CLASSIFICATION",
    "Calendar": "Calendar",
    "Driver Standings" : "Driver Standings",
    "DNF" : "OUT",
    "QTRegular" : "Qual |",
    "RTSprint":"Sprint |",
    "RTMain": "Race",
    "RTRegular" : "Race",
    "RSprint" : "SPRINT",
    "Driver of the Day" : "Driver of the Day",

    "Paul RicardGP" : "FrenchGP",
    "AustinGP" : "USGP",
    "InterlagosGP" : "BrazilGP",
    "SilverstoneGP" : "BritishGP",
    "HungaroringGP" : "HungarianGP",
    "MonzaGP" : "ItalianGP",
    "Yas MarinaGP" : "YasMarinaGP",
    "BarcelonaGP" : "SpanishGP",
    "SuzukaGP" : "JapagneseGP",
    "SpielbergGP" : "AustrianGP",
    "ZandvoortGP" : "DutchGP",
    "Spa-FrancorchampsGP" : "BelgianGP",
    "BakuGP" : "AzerbaijanGP",
    
    "JeddahGP" : "SaudiArabianGP",
    
    
    
    "MontrealGP" : "CanadianGP",
    "ShanghaiGP" : "ChinaGP",
    "PortimãoGP" : "PortimaoGP",
    

    "CSoft" : "#ffffff"
}