{
    "BlockRoot": {
        "Name": "root",
        "BlockType": "stack",
        "BackgroundImage" : "images/Background/baag.png",
        "Items": [
            {
                "BlockType" : "stack",
                "BackgroundImage" : "images/Background/bg_caasdategory.png",
                "Items" : [
                    {
                        "BlockType": "image",
                        "BackgroundImage" : "images/bg_effect.png",
                        "ImageOptions" : {
                            "Path": "images/bg_efgfssect.png"
                        }
                    }
                ]
            }
        ]
    }
}