{
    "BlockRoot": {
        "Name": "mainStack",
        "BlockType": "stack",
        "Margin": "{MarginRoot}",       
        "Orientation": "Vertical",
        "Items": [
            {
                "BlockType" : "component",
                "ComponentName" : "header_block",
                "ComponentOptions" : {
                    "Vars" : {
                        "headerlefttext" : "{Season.LeagueInfo.LeagueName} · {Season.Name} · [Driver Standings]"
                    }
                }
            },
            {
                "BlockType" : "component",
                "ComponentName" : "separator"
            },
            {
                "Name": "mainTable",
                "BlockType": "table",
                "Margin" : "{MarginTable}",
                "MarginRight" : 0,
                "TableOptions": {
                    "ItemsSource": "{Standings.Drivers}",
                    "HeaderTemplate": {
                        "BlockType": "text",
                        "TextOptionsExtern" : "tableHeader"
                    },
                    "Columns": [
                        {
                            "Header": "",
                            "Template": {
                                "BlockType" : "component",                                
                                "ComponentName" : "position_cell",
                                "ComponentOptions" :{
                                    "Vars" :{
                                        "position" : "{Item.Position}"
                                    }
                                }                           
                            }
                        },
                        {
                            "Header": "",
                            "WidthStretch" : true,                            
                            "Template": {
                                "BlockType" : "component",
                                "ComponentName" : "driver_and_team_dock"   
                            }
                        },
                        {
                            "Header": "      [PTS]",
                            "MarginLeft" : 0,
                            "Template": {
                                
                                "BlockType": "dock",
                                "PaddingLeft" : 24,
                                "PaddingRight" : 26,
                                "Items": [                                    
                                    {
                                        "BlockType": "text",
                                        "Source": "{Item.Points}",
                                        "HorizontalAlignment": "Right",
                                        "VerticalAlignment": "Center",
                                        "TextOptionsExtern": "primaryNumber"
                                    }
                                ],
                                "Triggers" :
                                [
                                    {
                                        "Condition" : "{Standings.IsPositionJumpForDriversExists}",
                                        "Property" : "PaddingRight",
                                        "Value" : 4
                                    }
                                ]
                            }
                        },
                        {
                            "Header": "",
                            "PaddingLeft" : 0,
                            "MarginLeft" : -4,
                            "Template":
                            {
                                "BlockType" : "component",
                                "PaddingLeft" : 0,                               
                                "PaddingRight" : 12,
                                "ComponentName" : "jump_cell"    
                            }
                        },
                        {
                            "Header" : "[Wins]",
                            "MarginLeft" : 20,
                            "Template":{
                                "BlockType" : "text",
                                "Padding": "24, 0",
                                "Source" : "{Item.CountP1, Converter=NumberZeroToEmpty}",
                                "TextOptionsExtern" : "primaryNumber"
                            }
                        },
                        {
                            "Header" : "[2nd]",
                            "MarginLeft" : 0,
                            "Template":{
                                "BlockType" : "text",
                                "Padding": "24, 0",
                                "Source" : "{Item.CountP2, Converter=NumberZeroToEmpty}",
                                "TextOptionsExtern" : "primaryNumber"
                            }
                        },
                        {
                            "Header" : "[3rd]",
                            "MarginLeft" : 0,
                            "Template":{
                                "BlockType" : "text",
                                "Padding": "24, 0",
                                "Source" : "{Item.CountP3, Converter=NumberZeroToEmpty}",
                                "TextOptionsExtern" : "primaryNumber"
                            }
                        },
                        {
                            "Header" : "[FL]",
                            "MarginLeft" : 12,
                            "Template":{
                                "BlockType" : "text",
                                "Padding": "24, 0",
                                "Source" : "{Item.RaceFastestLapCount, Converter=NumberZeroToEmpty}",
                                "TextOptionsExtern" : "primaryNumber"
                            }
                        },
                        {
                            "Header" : "[Poles]",
                            "MarginLeft" : 0,
                            "Template":{
                                "BlockType" : "text",
                                "Padding": "24, 0",
                                "Source" : "{Item.CountQualP1, Converter=NumberZeroToEmpty}",
                                "TextOptionsExtern" : "primaryNumber"
                            }
                        },
                        {
                            "Header" : "[Pen. pts]",                            
                            "MarginLeft" : 16,
                            "Template":{
                                "BlockType" : "text",
                                "RenderIf" : "{ShowPenaltyPointsInStandings}",
                                "Padding": "24, 0",
                                "Source" : "{Item.PenaltyPoints, Converter=NumberZeroToEmpty}",
                                "TextOptionsExtern" : "primaryNumber"
                            }
                        },
                        {
                            "Header" : "[Events]",
                            "MarginLeft" : 12,
                            "Template":{
                                "BlockType" : "text",
                                "Padding": "24, 0",
                                "Source" : "{Item.EventsCount, Converter=NumberZeroToEmpty}",                                
                                "TextOptionsExtern" : "primaryNumber",
                                "MarginRight":30
                            }
                        }
                    ]
                }
                
            },
            {
                "BlockType" : "component",
                "ComponentName" : "bg_footer"
            }
        ]
    }
}