{
    "BlockRoot": {
        "Name": "mainStack",
        "BlockType": "stack",
        "Margin": "24, 24, 24, 24",
        "Background": "{White}",
        "Orientation": "Vertical",
        "Items": [            
            {
                "BlockType": "component",
                "ComponentName": "fia_penalty_item_driver",
                "ComponentOptions": {
                    "Vars": {
                        "Penalty": "{Penalty}"
                    }
                }               
            }            
        ]
    }
}
