{
    "BlockRoot": {
        "Name": "mainStack",
        "BlockType": "stack",
        "Margin": "{MarginRoot}",       
        "Orientation": "Vertical",
        "Items": [
            {
                "BlockType" : "component",
                "ComponentName" : "header_block",
                "ComponentOptions" : {
                    "Vars" : {
                        "headerlefttext" : "{Season.LeagueInfo.LeagueShortName} · {Season.Name} · Team Season Progress / Points"
                    }
                }
            },
            {
                "BlockType" : "component",
                "ComponentName" : "separator"
            },
            {
                "Name": "mainTable",
                "BlockType": "table",
                "Margin": "{MarginTable}",
                "PaddingRight" : 25,
                "TableOptions": {
                    "ItemsSource": "{Standings.Teams}",
                    "HeaderTemplate": {
                        "BlockType": "text",
                        "MarginBottom": 8,
                        "TextOptionsExtern" : "tableHeader"
                    },
                    "Columns": [
                        {
                            "Header": "",
                            "Template": {
                                "BlockType": "component",
                                "ComponentName": "position_cell",
                                "ComponentOptions": {
                                    "Vars": {
                                        "position": "{Item.Position}"
                                    }
                                }
                            }
                        },
                        {
                            "Header": "",
                            "WidthStretch" : true,                            
                            "Template": {
                                "BlockType" : "component",
                                "ComponentName" : "team_cell",
                                "ComponentOptions" :{
                                    "Vars" :{
                                        "MarginRight" : "",
                                        "RenderIf" : "{RenderTeamBadgesOnOtherLayouts}"
                                    }
                                }
                            }
                        },
                        {
                            "Header": "",
                            "MarginLeft" : 20,
                            "Template": {
                                
                                "BlockType": "dock",
                                "PaddingLeft" : 24,
                                "PaddingRight" : 24,
                                "Items": [                                    
                                    {
                                        "BlockType": "text",
                                        "Source": "{Item.Points}",
                                        "HorizontalAlignment": "Left",
                                        "VerticalAlignment": "Center",
                                        "TextOptionsExtern": "positionNumber"
                                    }
                                ],
                                "Triggers" :
                                [
                                    {
                                        "Condition" : "{Standings.IsPositionJumpForDriversExists}",
                                        "Property" : "PaddingRight",
                                        "Value" : 4
                                    }
                                ]
                            }
                        },
                        {
                            "Header": "",
                            "PaddingLeft" : 0,
                            "MarginLeft" : -8,
                            "Template":
                            {
                                "BlockType" : "component",
                                "PaddingLeft" : 0,                               
                                "PaddingRight" : 12,
                                "ComponentName" : "jump_cell"    
                            }
                        },
                        {
                            "MarginLeft" : 6,
                            "MultiColumnHeadersSource": "{Standings.Events}",
                            "MultiColumnItemsSource": "{Item.Events}",
                            "MultiColumnHeaderTemplate": {
                                "BlockType": "stack",
                                "Orientation": "Vertical",
                                "Spacing": 4,
                                "HorizontalAlignment": "Center",
                                "Items": [
                                    {
                                        "BlockType": "image",
                                        "Source": "{Item.Track.Nation.LogoPath}",
                                        "HorizontalAlignment": "Center",
                                        "Height": 32
                                    },
                                    {
                                        "BlockType": "text",
                                        "MarginBottom": 8,
                                        "HorizontalAlignment": "Center",
                                        "Source": "{Item.Track.Nation.Code}",
                                        "TextOptionsExtern" : "tableHeader"
                                    }
                                ]
                            },
                            "Width": 55,
                            "Template": {
                                "Padding": "12, 0",
                                "BlockType": "text",
                                "Source": "{Item.PointsString}",
                                "HorizontalAlignment": "Left",
                                "Opacity":100,
                                "TextOptionsExtern" : "positionNumber",
                                "TextOptions": {
                                    "HorizontalAlignment": "Center"
                                },
                                "Triggers" : [
                                    {
                                        "Condition": "{Item.PointsString, Converter=StringEquals, Parameter=0}",
                                        "Setters": [
                                            {
                                                "Property": "Source",
                                                "Value": ""
                                            }
                                        ]
                                    }
                                ]
                            }
                        }
                    ]
                }
            },
            {
                "BlockType" : "component",
                "ComponentName" : "bg_footer"
            }
        ]
    }
}