{
    "BlockType" : "stack",
    "Height" : 1292,
    "Width" : 958,
    "BackgroundImage" : "images/BgForRace/bg_info_race.png",
    "Orientation" : "Vertical",
    "Items" : [
        {
            "BlockType" : "text",
            "HorizontalAlignment" : "Center",
            "Width" : 958,
            "MarginTop" : 40,
            "Source" : "{Session.Track.CountryName} [{Session.RaceType}Race]",
                "TextOptions" : {
                "HorizontalAlignment" : "Center",
                "FontSize" : 57,
                "Foreground" : "#ffffff",
                "FontName" : "{TW-Bo}"
            }
        },
        {
            "BlockType" : "image",
            "MarginTop" : 50,
            "Height" : 650,
            "Source" : "images/CircuitLayout/alltrack/track_{Session.Track.CircuitName}.png",
            "HorizontalAlignment" : "Center",
            "ImageOptions" : {
                "DefaultPath" : "images/CircuitLayout/alltrack/track_Monza.png"
            }
        },
        {
            "BlockType" : "dock",
            "Orientation" : "Horizontal",
            "MarginLeft" : 40,
            "MarginRight" : 40,
            "MarginTop" : 30,
            "Items" : [
                {
                    "BlockType" : "stack",
                    "Orientation" : "Horizontal",
                    "HorizontalAlignment" : "Left",
                    "Items" : [
                        {
                            "BlockType" : "text",
                            "Source" : "{Session.Track.CircuitName} - [{Session.SessionType}]",
                            "FontSize" : 40,
                            "TextOptions" : {
                                "Foreground" : "{ForeWhite}",
                                "FontName" : "{TW-Bo}"
                            }
                        },
                        {
                            "BlockType" : "text",
                            "Source" : " - {Session.TotalLaps} Laps",
                            "FontSize" : 40,
                            "TextOptions" : {
                                "Foreground" : "{ForeWhite}",
                                "FontName" : "{TW-Boi}"
                            },
                            "Triggers" : [
                                {
                                    "Condition" : "{Session.IsLiveData, Converter=BoolReverse}",
                                    "Property" : "RenderIf",
                                    "Value" : "false"
                                }
                            ]
                        }
                    ]
                },
                {
                    "BlockType" : "stack",
                    "Orientation" : "Horizontal",
                    "HorizontalAlignment" : "Right",
                    "Items" : [
                        {
                            "BlockType" : "image",
                            "Source" : "images/Weather/weather_{Session.WeatherType}.png",
                            "Height" : 60
                        },
                        {
                            "BlockType" : "text",
                            "Source" : " Air:",
                            "FontSize" : 40,
                            "TextOptions" : {
                                "Foreground" : "{ForeWhite}",
                                "FontName" : "{TW-Bo}"
                            }
                        },
                        {
                            "BlockType" : "text",
                            "Source" : " {Session.AirTemperatureString}",
                            "FontSize" : 40,
                            "TextOptions" : {
                                "Foreground" : "{ForeWhite}",
                                "FontName" : "{TW-Boi}"
                            }
                        }
                    ],
                    "Triggers" : [
                        {
                            "Condition" : "{Session.IsLiveData, Converter=BoolReverse}",
                            "Property" : "RenderIf",
                            "Value" : "false"
                        }
                    ]
                }
            ]
        },
        {
            "BlockType" : "dock",
            "Orientation" : "Horizontal",
            "MarginLeft" : 40,
            "MarginRight" : 40,
            "MarginTop" : 30,
            "Items" : [
                {
                    "BlockType" : "stack",
                    "Orientation" : "Horizontal",
                    "HorizontalAlignment" : "Left",
                    "Items" : [
                        {
                            "BlockType" : "itemstack",
                            "ItemStackOptions" : {
                                "ItemSource" : "{Session.Drivers}",
                                "Limit" : 1,
                                "Template" : 
                                {
                                    "BlockType" : "stack",
                                    "Orientation" : "Horizontal",
                                    "Items" : [
                                        {
                                            "BlockType" : "text",
                                            "Source" : "Pole - ",
                                            "FontSize" : 40,
                                            "TextOptions" : {
                                                "Foreground" : "{ForeWhite}",
                                                "FontName" : "{TW-Bo}"
                                            }
                                        },
                                        {
                                            "BlockType" : "text",
                                            "Source" : " {Item.Driver.Name}",
                                            "FontSize" : 40,
                                            "TextOptions" : {
                                                "Foreground" : "{ForeWhite}",
                                                "FontName" : "{TW-Boi}"
                                            }
                                        }
                                    ]
                                }
                            }
                        }
                    ]
                },
                {
                    "BlockType" : "stack",
                    "Orientation" : "Horizontal",
                    "HorizontalAlignment" : "Right",
                    "Items" : [
                        {
                            "BlockType" : "image",
                            "Source" : "images/Weather/temperature.png",
                            "Height" : 60
                        },
                        {
                            "BlockType" : "text",
                            "Source" : " Track:",
                            "FontSize" : 40,
                            "TextOptions" : {
                                "Foreground" : "{ForeWhite}",
                                "FontName" : "{TW-Bo}"
                            }
                        },
                        {
                            "BlockType" : "text",
                            "Source" : " {Session.TrackTemperature}°",
                            "FontSize" : 40,
                            "TextOptions" : {
                                "Foreground" : "{ForeWhite}",
                                "FontName" : "{TW-Boi}"
                            }
                        }
                    ],
                    "Triggers" : [
                        {
                            "Condition" : "{Session.IsLiveData, Converter=BoolReverse}",
                            "Property" : "RenderIf",
                            "Value" : "false"
                        }
                    ]
                }
            ]
        },
        {
            "BlockType" : "dock",
            "Orientation" : "Horizontal",
            "MarginLeft" : 40,
            "MarginRight" : 40,
            "MarginTop" : 60,
            "Items" : [
                {
                    "BlockType" : "stack",
                    "Orientation" : "Horizontal",
                    "HorizontalAlignment" : "Left",
                    "Items" : [
                        {
                            "BlockType" : "text",
                            "Source" : "First Grand Prix:",
                            "FontSize" : 40,
                            "TextOptions" : {
                                "Foreground" : "{ForeWhite}",
                                "FontName" : "{TW-Bo}"
                            }
                        },
                        {
                            "BlockType" : "text",
                            "Source" : " {Session.Track.Years}",
                            "FontSize" : 40,
                            "TextOptions" : {
                                "Foreground" : "{ForeWhite}",
                                "FontName" : "{TW-Boi}"
                            }
                        }
                    ]
                },
                {
                    "BlockType" : "stack",
                    "Orientation" : "Horizontal",
                    "HorizontalAlignment" : "Right",
                    "Items" : [
                        {
                            "BlockType" : "text",
                            "Source" : "Turns: ",
                            "FontSize" : 40,
                            "TextOptions" : {
                                "Foreground" : "{ForeWhite}",
                                "FontName" : "{TW-Bo}"
                            }
                        },
                        {
                            "BlockType" : "text",
                            "Source" : " {Session.Track.NumberTurns}",
                            "FontSize" : 40,
                            "TextOptions" : {
                                "Foreground" : "{ForeWhite}",
                                "FontName" : "{TW-Boi}"
                            }
                        }
                    ]
                }
            ]
        },{
            "BlockType" : "dock",
            "Orientation" : "Horizontal",
            "MarginLeft" : 40,
            "MarginRight" : 40,
            "MarginTop" : 30,
            "Items" : [
                {
                    "BlockType" : "stack",
                    "Orientation" : "Horizontal",
                    "HorizontalAlignment" : "Left",
                    "Items" : [
                        {
                            "BlockType" : "text",
                            "Source" : "Ciruit Length: ",
                            "FontSize" : 40,
                            "TextOptions" : {
                                "Foreground" : "{ForeWhite}",
                                "FontName" : "{TW-Bo}"
                            }
                        },
                        {
                            "BlockType" : "text",
                            "Source" : " {Session.Track.Length} km",
                            "FontSize" : 40,
                            "TextOptions" : {
                                "Foreground" : "{ForeWhite}",
                                "FontName" : "{TW-Boi}"
                            }
                        }
                    ]
                },
                {
                    "BlockType" : "stack",
                    "Orientation" : "Horizontal",
                    "HorizontalAlignment" : "Right",
                    "Items" : [
                        {
                            "BlockType" : "text",
                            "Source" : "{Session.Track.CountryName}",
                            "FontSize" : 40,
                            "TextOptions" : {
                                "Foreground" : "{ForeWhite}",
                                "FontName" : "{TW-Boi}"
                            }
                        },
                        {
                            "BlockType" : "text",
                            "Source" : "",
                            "FontSize" : 40,
                            "TextOptions" : {
                                "Foreground" : "{ForeWhite}"
                            }
                        }
                    ]
                }
            ]
        }
    ]
}