{
    "BlockType" : "stack",
    "Orientation" : "Horizontal",
    "HorizontalAlignment" : "Center",
    "VerticalAlginment":"Center",
    "Height" : 70,
    "Width" : 400,
    "Items": [
        {
            "BlockType" : "stack",
            "BackgroundImage" : "images/BgForRace/bg_drivername.png",
            "Height" : 70,
            "Width" : 400,
            "ColorizeBackground": {
                "Enabled" : true,
                "Color": "{Item.Team.Color}",
                "BlendPercentage": 100
            },
            "Items" : [
                {
                    "BlockType" : "stack",
                    "BackgroundImage" : "images/BgForRace/bg_drivername_effect.png",
                    "Orientation" : "Horizontal",
                    "HorizontalAlignment" : "Center",
                    "VerticalAlginment":"Center",
                    "Height" : 70,
                    "Width" : 400,
                    "Items" : [
                        {
                            "BlockType" : "text",
                            "Foreground" : "#ffffff",
                            "HorizontalAlignment" : "Center",
                            "VerticalAlginment":"Center",
                            "FontSize" : "{TableCellFontSize}",
                            "Height" : 62,
                            "MarginTop" : "{TableCellFontMarginTop}",
                            "MarginLeft" : 15,
                            "Source" : "{Item.Driver.Name}",
                            "TextOptions" : {
                                "FontName" : "{TW-Bo}"
                            }
                        }
                    ]
                }
            ]
        }
    ]
}