{
    "BlockType" : "stack",
    "BackgroundImage" : "images/BgForRace/bg_position_effect.png",
    "Orientation" : "Horizontal",
    "HorizontalAlignment" : "Center",
    "VerticalAlginment":"Center",
    "Height" : 70,
    "Width" : 70,
    "Items" : [
        {
            "BlockType" : "text",
            "Foreground" : "#ffffff",
            "HorizontalAlignment" : "Center",
            "VerticalAlginment":"Center",
            "FontSize" : "{TableCellFontSize}",
            "Width" : 70,
            "Height" : 62,
            "MarginTop" : "{TableCellFontMarginTop}",
            "Source" : "{Item.Position}",
            "TextOptions" : {
                "HorizontalAlignment" : "Center",
                "FontName" : "{TW-Bo}"
            }
        }
    ]
}