{
    "BlockType" : "stack",
    "Orientation" : "Horizontal",
    "HorizontalAlignment" : "Center",
    "VerticalAlginment":"Center",
    "Height" : 70,
    "Width" : 400,
    "Items": [
        {
            "BlockType" : "stack",
            "BackgroundImage" : "images/BgForRace/bg_teamorcar.png",
            "Height" : 70,
            "Width" : 400,
            "ColorizeBackground": {
                "Enabled" : true,
                "Color": "{Item.Team.Color}",
                "BlendPercentage": 100
            },
            "Items" : [
                {
                    "BlockType" : "stack",
                    "BackgroundImage" : "images/BgForRace/bg_teamorcar_second_color.png",
                    "Orientation" : "Horizontal",
                    "HorizontalAlignment" : "Center",
                    "VerticalAlginment":"Center",
                    "Height" : 70,
                    "Width" : 400,
                    "ColorizeBackground": {
                        "Enabled" : true,
                        "Color": "{Item.Team.SecondaryColor}",
                        "BlendPercentage": 100
                    },
                    "Items" : [
                        {
                            "BlockType" : "stack",
                            "BackgroundImage" : "images/BgForRace/bg_teamorcar_effect.png",
                            "Orientation" : "Horizontal",
                            "HorizontalAlignment" : "Center",
                            "VerticalAlginment":"Center",
                            "Height" : 70,
                            "Width" : 400,
                            "Items" : [
                                {
                                    "BlockType" : "text",
                                    "Foreground" : "#000000",
                                    "HorizontalAlignment" : "Center",
                                    "VerticalAlginment":"Center",
                                    "FontSize" : "{TableCellFontSize}",
                                    "Width" : 400,
                                    "Height" : 62,
                                    "MarginTop" : "{TableCellFontMarginTop}",
                                    "Source" : "{Item.Team.Name}",
                                    "FontName" : "{TW-Re}"
                                }
                            ]
                        }
                    ]
                }
            ]
        }
    ]
}