{
    "BlockType" : "stack",
    "Orientation" : "Horizontal",
    "HorizontalAlignment" : "Center",
    "VerticalAlginment":"Center",
    "Height" : 70,
    "Width" : 150,
    "Triggers" : [
        {
            "Condition" : "{F1Mode}",
            "Property" : "Width",
            "Value" : "300"
        }
    ],
    "Items": [
        {
            "BlockType" : "stack",
            "BackgroundImage" : "images/Standing/bg_teamorcar.png",
            "Height" : 70,
            "Width" : 150,
            "Triggers" : [
                {
                    "Condition" : "{F1Mode}",
                    "Property" : "Width",
                    "Value" : "300"
                }
            ],
            "ColorizeBackground": {
                "Enabled" : true,
                "Color": "{Item.Team.Color}",
                "BlendPercentage": 100
            },
            "Items" : [
                {
                    "BlockType" : "stack",
                    "BackgroundImage" : "images/Standing/bg_teamorcar_second_color.png",
                    "Orientation" : "Horizontal",
                    "HorizontalAlignment" : "Center",
                    "VerticalAlginment":"Center",
                    "Height" : 70,
                    "Width" : 150,
                    "Triggers" : [
                        {
                            "Condition" : "{F1Mode}",
                            "Property" : "Width",
                            "Value" : "300"
                        }
                    ],
                    "ColorizeBackground": {
                        "Enabled" : true,
                        "Color": "{Item.Team.SecondaryColor}",
                        "BlendPercentage": 100
                    },
                    "Items" : [
                        {
                            "BlockType" : "stack",
                            "BackgroundImage" : "images/Standing/bg_teamorcar_effect.png",
                            "Orientation" : "Horizontal",
                            "HorizontalAlignment" : "Center",
                            "VerticalAlginment":"Center",
                            "Height" : 70,
                            "Width" : 150,
                            "Triggers" : [
                                {
                                    "Condition" : "{F1Mode}",
                                    "Property" : "Width",
                                    "Value" : "300"
                                }
                            ],
                            "Items" : [
                                {
                                    "BlockType" : "text",
                                    "Foreground" : "#00ffffff",
                                    "HorizontalAlignment" : "Center",
                                    
                                    "VerticalAlginment":"Center",
                                    "FontSize" : 40,
                                    "Width" : 150,
                                    "Height" : 62,
                                    "MarginTop" : 4,
                                    "Source" : "  c",
                                    "FontName" : "{TW-Bo}",
                                    "Triggers" : [
                                        {
                                            "Condition" : "{F1Mode}",
                                            "Property" : "RenderIf",
                                            "Value" : "false"
                                        }
                                    ]
                                },
                                {
                                    "BlockType" : "image",
                                    "Source" : "images/Cars/F1Cars/{Item.Team.Name}.png",
                                    "Width" : 236,
                                    "RenderIf" : false,
                                    "HorizontalAlignment" : "Left",
                                    "Triggers" : [
                                        {
                                            "Condition" : "{F1Mode}",
                                            "Property" : "RenderIf",
                                            "Value" : "true"
                                        }
                                    ]
                                }
                            ]
                        }
                    ]
                }
            ]
        }
    ]
}