{
    "BlockType" : "stack",
    "Height" : 1018,
    "Width" : 958,
    "BackgroundImage" : "images/Standing/bg_info_team.png",
    "Orientation" : "Vertical",
    "Items" : [
        {
            "BlockType" : "text",
            "HorizontalAlignment" : "Center",
            "Width" : 958,
            "Height" : 120,
            "MarginTop" : 20,
            "Source" : "Team Standing",
            "TextOptions" : {
                "HorizontalAlignment" : "Center",
                "FontSize" : 70,
                "Foreground" : "#ffffff",
                "FontName" : "{TW-Bo}"
            }
        },
        {
            "BlockType" : "image",
            "MarginTop" : 30,
            "HorizontalAlignment" : "Center",
            "Source" : "images/Standing/team_cup.png"
        },
        {
            "BlockType" : "dock",
            "Orientation" : "Horizontal",
            "MarginLeft" : 40,
            "MarginRight" : 40,
            "MarginTop" : 15,
            "Items" : [
                {
                    "BlockType" : "text",
                    "Source" : "Team Leader:",
                    "FontSize" : 40,
                    "HorizontalAlignment" : "Center",
                    "TextOptions" : {
                        "Foreground" : "{ForeWhite}",
                        "FontName" : "{TW-Sb}",
                        "HorizontalAlignment" : "Center"
                    }
                },
                {
                    "BlockType":"itemstack",
                    "HorizontalAlignment" : "Right",
                    "ItemStackOptions" : {
                        "ItemSource" : "{Standings.Teams}",
                        "Limit" : 1,
                        "Template" : {
                            "BlockType" : "text",
                            "Source" : "{Item.Team.Name}",
                            "FontSize" : 40,
                            "HorizontalAlignment" : "Right",
                            "TextOptions" : {
                                "Foreground" : "{ForeWhite}",
                                "FontName" : "{TW-Bo}",
                                "HorizontalAlignment" : "Right"
                            }
                        }
                    }
                }
            ]
        },
        {
            "BlockType":"itemstack",
            "HorizontalAlignment" : "Center",
            "MarginTop" : 15,
            "ItemStackOptions" : {
                "ItemSource" : "{Standings.Teams}",
                "Limit" : 1,
                "Template" : {
                    "BlockType" : "stack",
                    "Orientation" : "Vertical",
                    "Width" : 854,
                    "Height" : 126,
                    "BackgroundImage" : "images/Standing/bg_team_leader.png",
                    "ColorizeBackground": {
                        "Enabled" : true,
                        "Color": "{Item.Team.Color}",
                        "BlendPercentage": 100
                    },
                    "Items": [
                        {
                            "BlockType" : "text",
                            "Foreground" : "#ffffff",
                            "MarginTop" : 8,
                            "HorizontalAlignment" : "Center",
                            "Source" : "{Item.Driver0.Driver.Name}",
                            "TextOptions" : {
                                "HorizontalAlignment" : "Center",
                                "FontName" : "{TW-Bo}",
                                "FontSize" : 44
                            }
                        },
                        {
                            "BlockType" : "text",
                            "Foreground" : "#ffffff",
                            "HorizontalAlignment" : "Center",
                            "Source" : "{Item.Driver1.Driver.Name}",
                            "TextOptions" : {
                                "HorizontalAlignment" : "Center",
                                "FontName" : "{TW-Bo}",
                                "FontSize" : 44
                            }
                        }
                    ]
                }
            }
        },
        {
            "BlockType" : "dock",
            "Orientation" : "Horizontal",
            "MarginLeft" : 40,
            "MarginRight" : 40,
            "MarginTop" : 15,
            "Items" : [
                {
                    "BlockType" : "stack",
                    "Orientation" : "Horizontal",
                    "HorizontalAlignment" : "Left",
                    "Items" : [
                        {
                            "BlockType" : "text",
                            "Source" : "Round ",
                            "FontSize" : 40,
                            "TextOptions" : {
                                "Foreground" : "{ForeWhite}",
                                "FontName" : "{TW-Bo}"
                            }
                        },
                        {
                            "BlockType" : "text",
                            "Source" : " {Season.SeasonCurrentNumberEvent} [of] {Season.SeasonOverallNumberEvents}",
                            "FontSize" : 40,
                            "TextOptions" : {
                                "Foreground" : "{ForeWhite}",
                                "FontName" : "{TW-Boi}"
                            }
                        }
                    ]
                },
                {
                    "BlockType" : "stack",
                    "Orientation" : "Horizontal",
                    "HorizontalAlignment" : "Right",
                    "Items" : [
                        {
                            "BlockType" : "text",
                            "Source" : "Season progress",
                            "FontSize" : 40,
                            "TextOptions" : {
                                "Foreground" : "{ForeWhite}",
                                "FontName" : "{TW-Bo}"
                            }
                        },
                        {
                            "BlockType" : "text",
                            "Source" : " {Season.SeasonProgressPercent}%",
                            "FontSize" : 40,
                            "TextOptions" : {
                                "Foreground" : "{ForeWhite}",
                                "FontName" : "{TW-Boi}"
                            }
                        }
                    ]
                }                      
            ]
        }
    ]
}