{
    "BlockType" : "stack",
    "Items" : [
        {
            "BlockType" : "stack",
            "Width" : 15,
            "Height" : 70,
            "BackgroundImage" : "images/Standing/bg_finish.png",
            "ColorizeBackground": {
                "Enabled" : true,
                "Color": "{RightPartEffectColor}",
                "BlendPercentage": 100
            },
            "Items" : [
                {
                    "BlockType" : "stack",
                    "Width" : 15,
                    "Height" : 70,
                    "BackgroundImage" : "images/Standing/bg_finish_effect.png",
                    "Items" : [
                        {
                            "BlockType" : "shape",
                            "Width" : 15,
                            "Height" : 70,
                            "ShapeOptions" : {
                                "ShapeType" : "Rectangle",
                                "Fill" : "#00000000"
                            }
                        }
                    ]
                }
            ],
            "Triggers" : [
                {
                    "Condition" : "{Item.Index, Converter=NumberIsOdd}",
                    "Property" : "RenderIf",
                    "Value" : "false"
                }
            ]
        },
        {
            "BlockType" : "stack",
            "Width" : 15,
            "Height" : 70,
            "BackgroundImage" : "images/Standing/bg_finish.png",
            "ColorizeBackground": {
                "Enabled" : true,
                "Color": "{RightPartEffectColorOdd}",
                "BlendPercentage": 100
            },
            "Items" : [
                {
                    "BlockType" : "stack",
                    "Width" : 15,
                    "Height" : 70,
                    "BackgroundImage" : "images/Standing/bg_finish_effect.png",
                    "Items" : [
                        {
                            "BlockType" : "shape",
                            "Width" : 15,
                            "Height" : 70,
                            "ShapeOptions" : {
                                "ShapeType" : "Rectangle",
                                "Fill" : "#00000000"
                            }
                        }
                    ]
                }
            ],
            "Triggers" : [
                {
                    "Condition" : "{Item.Index, Converter=NumberIsEven}",
                    "Property" : "RenderIf",
                    "Value" : "false"
                }
            ]
        }
    ]
}