{
    "BlockType" : "dock",
    "Orientation" : "Horizontal",
    "MarginLeft" : 40,
    "MarginRight" : 40,
    "MarginTop" : 30,
    "Items" : [
        {
            "BlockType" : "stack",
            "Orientation" : "Horizontal",
            "HorizontalAlignment" : "Left",
            "Items" : [
                {
                    "BlockType" : "text",
                    "Source" : "Most Win: ",
                    "FontSize" : 40,
                    "TextOptions" : {
                        "Foreground" : "{ForeWhite}",
                        "FontName" : "{TW-Bo}"
                    }
                },
                {
                    "BlockType" : "itemstack",
                    "ItemStackOptions" : {
                        "ItemSource" : "{Standings.Drivers}",
                        "OrderByDescending" : "<data>",
                        "Limit" : 1,
                        "Template" : {
                            "BlockType" : "text",
                            "Source" : " {Item.Driver.Name} - <data>",
                            "FontSize" : 40,
                            "TextOptions" : {
                                "Foreground" : "{ForeWhite}",
                                "FontName" : "{TW-Boi}"
                            }
                        }
                    }
                }
            ]
        }
    ]
}