{
    "BlockType" : "stack",
    "Orientation" : "Horizontal",
    "HorizontalAlignment" : "Center",
    "VerticalAlginment":"Center",
    "Height" : 70,
    "Width" : 112,
    "Items": [
        {
            "BlockType" : "stack",
            "BackgroundImage" : "images/Standing/bg_pts.png",
            "Height" : 70,
            "Width" : 112,
            "ColorizeBackground": {
                "Enabled" : true,
                "Color": "{Item.Team.Color}",
                "BlendPercentage": 100
            },
            "Triggers" : [
                {
                    "Condition" : "{Item.IsReserve}",
                    "Property" : "RenderIf",
                    "Value" : "false"
                }
            ],
            "Items" : [
                {
                    "BlockType" : "stack",
                    "BackgroundImage" : "images/Standing/bg_pts_second_color.png",
                    "Height" : 70,
                    "Width" : 112,
                    "ColorizeBackground": {
                        "Enabled" : true,
                        "Color": "{Item.Team.SecondaryColor}",
                        "BlendPercentage": 100
                    },
                    "Items" : [
                        {
                            "BlockType" : "stack",
                            "BackgroundImage" : "images/Standing/bg_pts_effect.png",
                            "Orientation" : "Horizontal",
                            "HorizontalAlignment" : "Center",
                            "VerticalAlginment":"Center",
                            "Height" : 70,
                            "Width" : 112,
                            "Items" : [
                                {
                                    "BlockType" : "text",
                                    "Foreground" : "#000000",
                                    "HorizontalAlignment" : "Center",
                                    "VerticalAlginment":"Center",
                                    "FontSize" : "{TableCellFontSize}",
                                    "Width" : 112,
                                    "Height" : 62,
                                    "MarginTop" : "{TableCellFontMarginTop}",
                                    "Source" : "{Item.Points}",
                                    "TextOptions" : {
                                        "HorizontalAlignment" : "Center",
                                        "FontName" : "{TW-Bo}"
                                    }
                                }
                            ]
                        }
                    ]
                }
            ]
        },
        {
            "BlockType" : "stack",
            "BackgroundImage" : "images/Standing/bg_pts.png",
            "Height" : 70,
            "Width" : 112,
            "ColorizeBackground": {
                "Enabled" : true,
                "Color": "{RightPartEffectColorOdd}",
                "BlendPercentage": 100
            },
            "Triggers" : [
                {
                    "Condition" : "{Item.IsReserve, Converter=BoolReverse}",
                    "Property" : "RenderIf",
                    "Value" : "false"
                }
            ],
            "Items" : [
                {
                    "BlockType" : "stack",
                    "BackgroundImage" : "images/Standing/bg_pts_second_color.png",
                    "Height" : 70,
                    "Width" : 112,
                    "ColorizeBackground": {
                        "Enabled" : true,
                        "Color": "{RightPartEffectColorOdd}",
                        "BlendPercentage": 100
                    },
                    "Items" : [
                        {
                            "BlockType" : "stack",
                            "BackgroundImage" : "images/Standing/bg_pts_effect.png",
                            "Orientation" : "Horizontal",
                            "HorizontalAlignment" : "Center",
                            "VerticalAlginment":"Center",
                            "Height" : 70,
                            "Width" : 112,
                            "Items" : [
                                {
                                    "BlockType" : "text",
                                    "Foreground" : "#000000",
                                    "HorizontalAlignment" : "Center",
                                    "VerticalAlginment":"Center",
                                    "FontSize" : "{TableCellFontSize}",
                                    "Width" : 112,
                                    "Height" : 62,
                                    "MarginTop" : "{TableCellFontMarginTop}",
                                    "Source" : "{Item.Points}",
                                    "TextOptions" : {
                                        "HorizontalAlignment" : "Center",
                                        "FontName" : "{TW-Bo}"
                                    }
                                }
                            ]
                        }
                    ]
                }
            ]
        }
    ]
}