{
    "BlockType" : "stack",
    "Width" : 718,
    "Height" : 127,
    "BackgroundImage" : "images/bg_commentator.png",
    "HorizontalAlignment" : "Center",
    "Orientation" : "Horizontal",
    "Items" : [
        {
            "BlockType" : "dock",
            "HorizontalAlignment" : "Center",
            "Orientation" : "Horizontal",
            "Items" : [
                {
                    "BlockType" : "stack",
                    "HorizontalAlignment" : "Center",
                    "Orientation" : "Vertical",
                    "MarginTop" : 10,
                    "Items" : [
                        {
                            "BlockType" : "text",
                            "Source" : "Streamer and Commentary:",
                            "Foreground" : "#ffffff",
                            "FontSize" : 35,
                            "HorizontalAlignment" : "Center",
                            "FontName" : "{TW-Bo}"
                        },
                        {
                            "BlockType" : "text",
                            "Source" : " <content>",
                            "Foreground" : "#ffffff",
                            "FontSize" : 35,
                            "HorizontalAlignment" : "Center",
                            "FontName" : "{TW-Boi}"
                        }
                    ]
                }
            ]
        }
    ]
}