{
    "BlockRoot": {
        "Name": "mainStack",
        "BlockType": "stack",
        "Margin": "{MarginRoot}",       
        "Orientation": "Vertical",
        "Items": [
            {
                "BlockType" : "component",
                "ComponentName" : "header_block",
                "ComponentOptions" : {
                    "Vars" : {
                        "headerlefttext" : "{Season.LeagueInfo.LeagueShortName} · {Season.Name} · Progress / Positions"
                    }
                }
            },
            {
                "BlockType" : "component",
                "ComponentName" : "separator"
            },
            {
                "Name": "mainTable",
                "BlockType": "table",
                "Margin": "{MarginTable}",
                "TableOptions": {
                    "ItemsSource": "{Standings.Drivers}",
                    "HeaderTemplate": {
                        "BlockType": "text",
                        "MarginBottom": 8,
                        "FontSize": "{TableHeaderFontSize}",
                        "Foreground" : "{ForegroundRed}"
                    },
                    "Columns": [
                        {
                            "Header": "",
                            "Template": {
                                "BlockType": "component",
                                "ComponentName": "position_cell",
                                "ComponentOptions": {
                                    "Vars": {
                                        "position": "{Item.Position}"
                                    }
                                }
                            }
                        },
                        {
                            "Header": "",
                            "MarginRight" : 24,
                            "Template": {
                                "BlockType": "component",
                                "ComponentName": "driver_and_team_dock"
                            }
                        },
                        {
                            "Header": "",
                            "MarginLeft" : 20,
                            "Template": {
                                
                                "BlockType": "dock",
                                "PaddingLeft" : 24,
                                "PaddingRight" : 24,                                
                                "Items": [                                    
                                    {
                                        "BlockType": "text",
                                        "Source": "{Item.Points}",
                                        "HorizontalAlignment": "Right",
                                        "VerticalAlignment": "Center",
                                        "TextOptionsExtern": "teamCell"
                                    }
                                ],
                                "Triggers" :
                                [
                                    {
                                        "Condition" : "{Standings.IsPositionJumpForDriversExists}",
                                        "Property" : "PaddingRight",
                                        "Value" : 4
                                    }
                                ]
                            }
                        },
                         {
                            "Header": "",
                            "PaddingLeft" : 0,
                            "MarginLeft" : -8,
                            "Template":
                            {
                                "BlockType" : "component",
                                "PaddingLeft" : 0,                               
                                "PaddingRight" : 12,
                                "ComponentName" : "jump_cell"    
                            }
                        },
                        {
                            "MarginLeft" : 6,
                            "MultiColumnHeadersSource": "{Standings.Events}",
                            "MultiColumnItemsSource": "{Item.Events}",
                            "MultiColumnHeaderTemplate": {
                                "BlockType": "stack",
                                "Orientation": "Vertical",
                                "RenderIf" : "{Item.WinnerString, Converter=EmptyObjectToFalse}",
                                "Spacing": 4,
                                "HorizontalAlignment": "Center",
                                "Items": [
                                    {
                                        "BlockType": "image",
                                        "Source": "{Item.Track.Nation.LogoPath}",
                                        "HorizontalAlignment": "Center",
                                        "Height": 32
                                    },
                                    {
                                        "BlockType": "text",
                                        "MarginBottom": 8,
                                        "HorizontalAlignment": "Center",
                                        "Source": "{Item.Track.Nation.Code}",
                                        "TextOptionsExtern" : "tableHeader"                                        
                                    }
                                ]
                            },
                            "Template": {
                                "BlockType" : "dock",
                                "RenderIf" : "{Item.Event.WinnerString, Converter=EmptyObjectToFalse}",
                                "Items" : [
                                    {
                                        "Padding": "12, 0",
                                        "BlockType": "text",
                                        "Source": "{Item.RaceMajorPositionString}",
                                        "HorizontalAlignment": "Center",
                                        "TextOptionsExtern": "teamCell",
                                        "TextOptions": {
                                            "HorizontalAlignment": "Center"
                                        },
                                        "Triggers": [
                                            {
                                                "Condition": "{Item.IsRaceMajorClassified, Converter=BoolReverse}",
                                                "Setters": [
                                                    {
                                                        "Property": "Foreground",
                                                        "Value": "{SeasonProgressPositionNotClassifiedForeground}"
                                                    }
                                                ]
                                            },
                                            {
                                                "Condition": "{Item.RaceMajorPosition, Converter=NumberLess, Parameter=11}",
                                                "Setters": [
                                                    {
                                                        "Property": "Foreground",
                                                        "Value": "{SeasonProgressPositionTop10Foreground}"
                                                    }
                                                ]
                                            },
                                            {
                                                "Condition": "{Item.RaceMajorPosition, Converter=NumberEquals, Parameter=1}",
                                                "Setters": [
                                                    {
                                                        "Property": "Foreground",
                                                        "Value": "{SeasonProgressPositionTop1Foregound}"
                                                    }
                                                ]
                                            },
                                            {
                                                "Condition" : "{Item.RaceMajorPositionString, Converter=EmptyObjectToTrue}",
                                                "Setters" : [
                                                    {
                                                        "Property" : "Source",
                                                        "Value" : "{DNSReplacementForSeasonProgress}"
                                                    }
                                                ]
                                            }
                                        ]
                                    }
                                ]
                            }
                        }                        
                    ]
                }
            },
            {
                "BlockType" : "component",
                "ComponentName" : "bg_footer"
            }
        ]
    }
}