{
    "BlockRoot": {
        "Name": "mainStack",
        "BlockType": "stack",
        "Margin": "0,15,0,0",
        "Orientation": "Vertical",
        "Items": [
            {
                "Name": "headerBlock",
                "MarginLeft": 0,
                "BlockType": "dock",
                "Orientation": "Horizontal",
                "Items": [
                    //headerLeft
                    {
                        "Name": "headerLeftPart",
                        "BlockType": "stack",
                        "Orientation": "Vertical",
                        "Spacing": 0,
                        "HorizontalAlignment": "Center",
                        "Items": [
                            {
                                "Name": "f1-logo",
                                "BlockType": "image",
                                "Height": "30",
                                "HorizontalAlignment": "Center",
                                "Source": "images/f1-logo.png",
                                "RenderIf": "{Season.LeagueInfo.LeagueLogo, Converter=EmptyObjectToTrue}",
                                "Triggers": [
                                    {
                                        "Condition": "{DarkTheme}",
                                        "Property": "Source",
                                        "Value": "images/f1-logo-white.png"
                                    }
                                ]
                            },
                            {
                                "Name": "LeagueLogo",
                                "BlockType": "image",
                                "Height": "{LogoSize}",
                                "Width": "auto",
                                "HorizontalAlignment": "Center",
                                "Source": "{Season.LeagueInfo.LeagueLogo}",
                                "RenderIf": "{Season.LeagueInfo.LeagueLogo, Converter=EmptyObjectToFalse}"
                            },
                            {
                                "BlockType": "stack",
                                "VerticalAlignment": "Center",
                                "Items": [
                                    {
                                        "BlockType": "image",
                                        "Height": 70,
                                        "Width": 80,
                                        "PaddingTop": 0,
                                        "PaddingBottom": 8,
                                        "MarginRight": 10,
                                        "HorizontalAlignment": "Left",
                                        "VerticalAlignment": "Center",
                                        "Triggers": [
                                            {
                                                "Condition": "{DarkTheme, Converter=BoolReverse}",
                                                "Setters": [
                                                    {
                                                        "Property": "Background",
                                                        "Value": "{Black}"
                                                    },
                                                    {
                                                        "Property": "Padding",
                                                        "Value": "1, 0"
                                                    },
                                                    {
                                                        "Property": "PaddingTop",
                                                        "Value": "-11"
                                                    },
                                                    {
                                                        "Property": "PaddingBottom",
                                                        "Value": "-11"
                                                    }
                                                ]
                                            }
                                        ],
                                        "ImageOptions": {
                                            "Path": "{Session.Track.Nation.LogoPath}",
                                            "VerticalAlignment": "Center"
                                        }
                                    },
                                    {
                                        "BlockType": "text",
                                        "VerticalAlignment": "Center",
                                        "Source": "[TOP] {DriverLimit}",
                                        "FontName": "{Formula1-Black}",
                                        "FontSize": 60,
                                        "Foreground": "{Black}",
                                        "Triggers": [
                                            {
                                                "Condition": "{DarkTheme}",
                                                "Property": "Foreground",
                                                "Value": "{White}"
                                            }
                                        ]
                                    }
                                ]
                            }
                        ]
                    }
                ]
            },
            {
                "BlockType": "stack",
                "Orientation": "Vertical",
                "HorizontalAlignment": "Center",
                "Margin": "{MarginTable}",
                "Items": [
                    {
                        "BlockType": "stack",
                        "Orientation": "Horizontal",
                        "HorizontalAlignment": "Center",
                        "MarginTop": -5,
                        "Items": [
                            {
                                "BlockType": "itemstack",
                                "HorizontalAlignment": "Center",
                                "Orientation": "Horizontal",
                                "MarginTop": 40,
                                "ItemStackOptions": {
                                    "ItemSource": "{Session.Drivers}",
                                    "Limit": 1,
                                    "IndexStart": 1,
                                    "Template": {
                                        "BlockType": "component",
                                        "ComponentOptions": {
                                            "ComponentName": "podium"
                                        }
                                    }
                                }
                            },
                            {
                                "BlockType": "itemstack",
                                "HorizontalAlignment": "Center",
                                "Orientation": "Horizontal",
                                "MarginTop": 0,
                                "Margin": "0,0,0,0",
                                "ItemStackOptions": {
                                    "ItemSource": "{Session.Drivers}",
                                    "Limit": 1,
                                    "Template": {
                                        "BlockType": "component",
                                        "ComponentOptions": {
                                            "ComponentName": "podium"
                                        }
                                    }
                                }
                            },
                            {
                                "BlockType": "itemstack",
                                "HorizontalAlignment": "Center",
                                "Orientation": "Horizontal",
                                "MarginTop": 60,
                                "ItemStackOptions": {
                                    "ItemSource": "{Session.Drivers}",
                                    "Limit": 1,
                                    "IndexStart": 2,
                                    "Template": {
                                        "BlockType": "component",
                                        "ComponentOptions": {
                                            "ComponentName": "podium"
                                        }
                                    }
                                }
                            }
                        ]
                    },
                    {
                        "BlockType": "stack",
                        "Orientation": "Horizontal",
                        "HorizontalAlignment": "Center",
                        "RenderIf": "{DriverLimit, Converter=NumberGreater, Parameter=3}",
                        "MarginTop": 0,
                        "Items": [
                            {
                                "BlockType": "stack",
                                "Orientation": "Vertical",
                                "Items": [
                                    {
                                        "Name": "mainTable",
                                        "BlockType": "table",
                                        "TableOptions": {
                                            "ItemsSource": "{Session.Drivers}",
                                            "RowSpacing": 0,
                                            "ColSpacing": 0,
                                            "IndexStart": 3,
                                            "Limit": "{DriverLimit}",
                                            "HeaderTemplate": {
                                                "BlockType": "text",
                                                "MarginBottom": 8,
                                                "TextOptionsExtern": "tableColumnHeader"
                                            },
                                            "Columns": [
                                                {
                                                    "Header": "",
                                                    "WidthStretch": true,
                                                    "Template": {
                                                        "BlockType": "component",
                                                        "RenderIf": "{DarkTheme, Converter=BoolReverse}",
                                                        "ComponentOptions": {
                                                            "ComponentName": "driver_line_podium"
                                                        }
                                                    }
                                                },
                                                {
                                                    "Header": "",
                                                    "WidthStretch": true,
                                                    "Template": {
                                                        "BlockType": "component",
                                                        "RenderIf": "{DarkTheme}",
                                                        "ComponentOptions": {
                                                            "ComponentName": "driver_line_podium1"
                                                        }
                                                    }
                                                },
                                                {
                                                    "Header": "",
                                                    "Template": {
                                                        "PaddingRight": 24,
                                                        "Background": "#E1E1E1",
                                                        "RenderIf": "{DarkTheme, Converter=BoolReverse}",
                                                        "BlockType": "text",
                                                        "Source": "{Item.Position} [TH]",
                                                        "HorizontalAlignment": "Left",
                                                        "FontName": "{Formula1-Black}",
                                                        "FontSize": "20",
                                                        "TextOptions": {
                                                            "HorizontalAlignment": "Center",
                                                            "Foreground": "#{Black}"
                                                        },
                                                        "Triggers": [
                                                            {
                                                                "Condition": "{Item.IsFinished, Converter=BoolReverse}",
                                                                "Setters": [
                                                                    {
                                                                        "Property": "Source",
                                                                        "Value": "DNF"
                                                                    }
                                                                ]
                                                            },
                                                            {
                                                                "Condition": "{Item.Position, Converter=StringEquals, Parameter=4}",
                                                                "Setters": [
                                                                    {
                                                                        "Property": "Background",
                                                                        "Value": "{White}"
                                                                    }
                                                                ]
                                                            },
                                                            {
                                                                "Condition": "{Item.Position, Converter=StringEquals, Parameter=6}",
                                                                "Setters": [
                                                                    {
                                                                        "Property": "Background",
                                                                        "Value": "{White}"
                                                                    }
                                                                ]
                                                            },
                                                            {
                                                                "Condition": "{Item.Position, Converter=StringEquals, Parameter=8}",
                                                                "Setters": [
                                                                    {
                                                                        "Property": "Background",
                                                                        "Value": "{White}"
                                                                    }
                                                                ]
                                                            },
                                                            {
                                                                "Condition": "{Item.Position, Converter=StringEquals, Parameter=10}",
                                                                "Setters": [
                                                                    {
                                                                        "Property": "Background",
                                                                        "Value": "{White}"
                                                                    }
                                                                ]
                                                            },
                                                            {
                                                                "Condition": "{Item.Position, Converter=StringEquals, Parameter=12}",
                                                                "Setters": [
                                                                    {
                                                                        "Property": "Background",
                                                                        "Value": "{White}"
                                                                    }
                                                                ]
                                                            },
                                                            {
                                                                "Condition": "{Item.Position, Converter=StringEquals, Parameter=14}",
                                                                "Setters": [
                                                                    {
                                                                        "Property": "Background",
                                                                        "Value": "{White}"
                                                                    }
                                                                ]
                                                            },
                                                            {
                                                                "Condition": "{Item.Position, Converter=StringEquals, Parameter=16}",
                                                                "Setters": [
                                                                    {
                                                                        "Property": "Background",
                                                                        "Value": "{White}"
                                                                    }
                                                                ]
                                                            },
                                                            {
                                                                "Condition": "{Item.Position, Converter=StringEquals, Parameter=18}",
                                                                "Setters": [
                                                                    {
                                                                        "Property": "Background",
                                                                        "Value": "{White}"
                                                                    }
                                                                ]
                                                            },
                                                            {
                                                                "Condition": "{Item.Position, Converter=StringEquals, Parameter=20}",
                                                                "Setters": [
                                                                    {
                                                                        "Property": "Background",
                                                                        "Value": "{White}"
                                                                    }
                                                                ]
                                                            },
                                                        ]
                                                    }
                                                },
                                                {
                                                    "Header": "",
                                                    "Template": {
                                                        "PaddingRight": 24,
                                                        "Background": "#14141C",
                                                        "RenderIf": "{DarkTheme}",
                                                        "BlockType": "text",
                                                        "Source": "{Item.Position}TH",
                                                        "HorizontalAlignment": "Left",
                                                        "FontName": "{Formula1-Black}",
                                                        "FontSize": "20",
                                                        "TextOptions": {
                                                            "HorizontalAlignment": "Center",
                                                            "Foreground": "{White}"
                                                        },
                                                        "Triggers": [
                                                            {
                                                                "Condition": "{Item.Position, Converter=StringEquals, Parameter=4}",
                                                                "Setters": [
                                                                    {
                                                                        "Property": "Background",
                                                                        "Value": "0C0B11"
                                                                    }
                                                                ]
                                                            },
                                                            {
                                                                "Condition": "{Item.Position, Converter=StringEquals, Parameter=6}",
                                                                "Setters": [
                                                                    {
                                                                        "Property": "Background",
                                                                        "Value": "#0C0B11"
                                                                    }
                                                                ]
                                                            },
                                                            {
                                                                "Condition": "{Item.Position, Converter=StringEquals, Parameter=8}",
                                                                "Setters": [
                                                                    {
                                                                        "Property": "Background",
                                                                        "Value": "#0C0B11"
                                                                    }
                                                                ]
                                                            },
                                                            {
                                                                "Condition": "{Item.Position, Converter=StringEquals, Parameter=10}",
                                                                "Setters": [
                                                                    {
                                                                        "Property": "Background",
                                                                        "Value": "#0C0B11"
                                                                    }
                                                                ]
                                                            },
                                                            {
                                                                "Condition": "{Item.Position, Converter=StringEquals, Parameter=12}",
                                                                "Setters": [
                                                                    {
                                                                        "Property": "Background",
                                                                        "Value": "#0C0B11"
                                                                    }
                                                                ]
                                                            },
                                                            {
                                                                "Condition": "{Item.Position, Converter=StringEquals, Parameter=14}",
                                                                "Setters": [
                                                                    {
                                                                        "Property": "Background",
                                                                        "Value": "#0C0B11"
                                                                    }
                                                                ]
                                                            },
                                                            {
                                                                "Condition": "{Item.Position, Converter=StringEquals, Parameter=16}",
                                                                "Setters": [
                                                                    {
                                                                        "Property": "Background",
                                                                        "Value": "#0C0B11"
                                                                    }
                                                                ]
                                                            },
                                                            {
                                                                "Condition": "{Item.Position, Converter=StringEquals, Parameter=18}",
                                                                "Setters": [
                                                                    {
                                                                        "Property": "Background",
                                                                        "Value": "#0C0B11"
                                                                    }
                                                                ]
                                                            },
                                                            {
                                                                "Condition": "{Item.Position, Converter=StringEquals, Parameter=20}",
                                                                "Setters": [
                                                                    {
                                                                        "Property": "Background",
                                                                        "Value": "#0C0B11"
                                                                    }
                                                                ]
                                                            },
                                                            {
                                                                "Condition": "{Item.IsFinished, Converter=BoolReverse}",
                                                                "Setters": [
                                                                    {
                                                                        "Property": "Source",
                                                                        "Value": "DNF"
                                                                    }
                                                                ]
                                                            }
                                                        ]
                                                    }
                                                }
                                            ]
                                        }
                                    }
                                ]
                            }
                        ]
                    }
                ]
            }
        ]
    }
}