{
    "BlockRoot": {
        "Name": "mainStack",
        "BlockType": "stack",
        "Margin": "{MarginRoot}",       
        "Orientation": "Vertical",
        "Items": [
            {
                "BlockType" : "component",
                "ComponentName" : "header_block_session"
            },
            {
                "BlockType" : "component",
                "ComponentName" : "separator"
            },
            {
                "Name": "mainTable",
                "BlockType": "table",
                "Margin" : "{MarginTable}",
                "TableOptions": {
                    "ItemsSource": "{Session.Drivers}",
                    "RowSpacing": 0,
                    "ColSpacing": 0,
                    "HeaderTemplate": {
                        "BlockType": "text",
                        "MarginBottom": 0,
                        "TextOptionsExtern" : "tableHeader",
                        "HorizontalAlignment" : "Center",
                        "Width" : "*"
                    },
                    "Columns": [
                        {
                            "Header": "",
                            "Template": {
                                "BlockType" : "component",                                
                                "ComponentName" : "position_cell",
                                "ComponentOptions" :{
                                    "Vars" :{
                                        "position" : "{Item.PositionString}"
                                    }
                                }
                            }
                        },
                        {
                            "Header": "[DRIVER]",
                            "Template":
                            {
                                "BlockType" : "component",
                                "ComponentName" : "driver_cell"                                
                            }
                        },
                        {
                            "Header": "",
                            "Template":
                            {
                                "BlockType" : "component",
                                "ComponentName" : "position_jump_cell"    
                            }
                        },
                        {
                            "Header": "[TEAM]",
                            "Template":
                            {
                                "BlockType" : "component",
                                "ComponentName" : "team_cell",
                                "ComponentOptions" :{
                                    "Vars" :{
                                        "MarginRight" : "200",
                                        "RenderIf" : "{RenderTeamBadgesOnSessionResults}"
                                    }
                                }                              
                            }
                        },
                        {
                            "Header": "[FL TIME]",
                            "Template": {
                                "BlockType": "text",
                                "Padding": "6, 0",
                                "Source": "{Item.FastestLapTime}",
                                "MarginRight": 180,
                                "HorizontalAlignment": "Left",
                                "TextOptionsExtern" : "driverCell",
                                "RenderIf" : "{Item.FastestLapTime, Converter=EmptyObjectToFalse}",
                                "TextOptions": {
                                    "HorizontalAlignment": "Center"
                                },
                                "Triggers" :[
                                    {
                                        "Condition" : "{Item.FastestLapTime, Converter=EmptyObjectToTrue}",
                                        "Property" : "Source",
                                        "Value" : "--:--.---"
                                    }
                                ] 
                            }
                        },
                        {
                            "Header": "[GAP]",
                            "Template": {
                                "Padding": "6, 0",
                                "BlockType": "text",
                                "Source": "{Item.IntervalRace}",
                                "MarginRight": 180,
                                "HorizontalAlignment": "Left",
                                "TextOptionsExtern" : "driverCell",
                                "TextOptions": {
                                    "HorizontalAlignment": "Center"
                                },
                                "RenderIf": true,
                                "Triggers" :[
                                    {
                                        "Condition" : "{Item.Index, Converter=NumberEquals, Parameter=0}",
                                        "Property" : "RenderIf",
                                        "Value" : false
                                    },
                                    {
                                        "Condition" : "{RenderRaceStints}",
                                        "Property" : "MarginRight",
                                        "Value" : 0
                                    }
                                ]
                            }
                        },
                        {
                            "Header": "",
                            "Template": {
                                "BlockType": "itemstack",
                                "Spacing": 4,
                                "HorizontalAlignment": "Left",
                                "MarginRight": 150,
                                "RenderIf" : "{RenderRaceStints}",
                                "ItemStackOptions": {
                                    "ItemSource": "{Item.Stints}",
                                    "Template": {
                                        "BlockType": "stack",
                                        "VerticalAlignment": "Top",
                                        "PaddingTop" : 7,
                                        "HorizontalAlignment":"Center",
                                        "Spacing": 0,
                                        "Height": 17,
                                        "Items": [
                                            {
                                                "BlockType": "image",
                                                "Height": 17,
                                                "VerticalAlignment": "Center",
                                                "Source": "tyres_{Item.Tyres}.png",
                                                "HorizontalAlignment":"Center"
                                            }                                           
                                        ]
                                    }
                                }
                            }
                        },
                        {
                            "Header": "[PIT STOPS]",
                            "Template":
                            {
                                "BlockType": "text",
                                "Source": "{Item.PitsCount}",
                                "HorizontalAlignment": "Center",
                                "VerticalAlignment": "Center",
                                "Width":90,
                                "TextOptionsExtern" : "driverCell",
                                "TextOptions": {
                                    "HorizontalAlignment": "Center"
                                },
                                "Triggers":[
                                    {
                                        "Condition" : "{Item.PitsCount, Converter=NumberEquals, Parameter=0}",
                                        "Property" : "Source",
                                        "Value" : ""
                                    }
                                ]
                            }
                        },
                        {
                            "Header": "[POINTS]",
                            "Template":{
                                "BlockType" :"text",
                                "Source" : "{Item.DriverPointsString}",
                                "HorizontalAlignment" :"Center",
                                "VerticalAlignment" : "Center",
                                "Width" : 90,
                                "TextOptionsExtern" : "driverCell",
                                "RenderIf" : "{RenderPointsOnRaceLayout}",
                                "TextOptions" : {
                                    "HorizontalAlignment" : "Center"
                                }
                            }
                        }
                    ]
                }
            },
            {
                "BlockType" : "stack",
                "Margin" : "8, 36, 8, 8",
                "Spacing" : 45,
                "MarginLeft" : 85,
                "Items" :[
                    {
                        "BlockType" :"component",
                        "ComponentName" : "sticker",
                        "RenderIf" : "{Session.FastestLapDriver, Converter=EmptyObjectToFalse}",
                        "ComponentOptions" : {
                            "Vars" : {
                                "header" : "[Fastest Lap]:",
                                "main" : "{Session.FastestLapDriver.Name}",
                                "data" : "{Session.FastestLapTime}"
                            }
                        }
                    },
                    {
                        "BlockType" :"component",
                        "ComponentName" : "sticker",
                        "RenderIf" : "{Session.DriverDayDriver, Converter=EmptyObjectToFalse}",
                        "ComponentOptions" : {
                            "Vars" : {
                                "header" : "[Driver of the Day]:",
                                "main" : "{Session.DriverDayDriver.Name}",
                                "data" : ""
                            }
                        }
                    },
                    {
                        "BlockType" :"component",
                        "ComponentName" : "sticker",
                        "RenderIf" : "{Commentator, Converter=EmptyObjectToFalse}",
                        "ComponentOptions" : {
                            "Vars" : {
                                "header" : "Commentator:",
                                "main" : "{Commentator}",
                                "data" : ""
                            }
                        }
                    }
                ]
            },
            {
                "BlockType" : "component",
                "ComponentName" : "bg_footer"
            }
        ]
    }
}
