{

    "MgMI":"Magistral-MediumItalic",
    "MgEB":"Magistral-ExtraBold",
    "MgBI":"Magistral-BoldItalic",
    "MgBo":"Magistral-Bold",
    "MgBk":"Magistral-Book",
    "MgMe":"Magistral-Medium",
    

    "MarginRoot" : "0,0,0,0",
    "MarginTable" : "25,0,15,0",
    "SeparatorMargin" : "25,0,2,8",
    "HeaderLeftMargin" : "29,0,20,0",
    "MarginTopHeaderText" : "2",
    "DockTeamTable" : "25,25,15,0",


    "ForegroundRed" : "#fe0000",
    "ForeGroundWhite" : "#ffffff",
    "ForegroundCal" : "#B0B0B0",
    "SeasonProgressPositionDefaultForeground" : "#999999",
    "SeasonProgressPositionNotClassifiedForeground" : "#999999",
    "SeasonProgressPositionTop10Foreground" : "#CCCCCC",
    "SeasonProgressPositionTop1Foregound" : "#DDDD11",
    "SeasonProgressPointsZeroForeground" : "#666666",
    "SeasonProgressPointsTopForeground" : "#C2C2C2",
    "SticlerFLTimeForeGround": "#CC00CC",
    "CalendarEventWinner" : "#CCD2B200",


    "TableCellFontSize":"18",
    "TableHeaderFontSize":"14",
    "StickerHeaderFontSize": "22",
    "StickerDriverFontSize": "26",
    "StickerFLTimeFontSize": "28",
    "HeaderLeftFontSize" :"34",
    "LocationNameFontSize" : "22",
    "CountryNameFontSize" : "20"
}