{
    "BlockRoot": {
        "Name": "mainStack",
        "BlockType": "stack",
        "Margin": "0, 0, 0, 12",

        "Orientation": "Vertical",
        "Items": [
            //header block
            {
                "BlockType": "dock",
                "VerticalAlignment": "Center",
                "Margin": "0, 0, 0, 8",
                "Background": "{HeaderDefault}",
                "Padding": "42, 16, 42, 16",
                "Items": [
                    //league name
                    {
                        "BlockType": "stack",
                        "VerticalAlignment": "Center",
                        "HorizontalAlignment": "Left",
                        "Items": [
                            {
                                "BlockType": "text",
                                "Source": "{Season.LeagueInfo.LeagueName}",
                                "FontName": "{FontNameBold}",
                                "FontSize": 20,
                                "Foreground": "{Foregroundwhithe}"
                            },
                            {
                                "BlockType": "text",
                                "Source": " · {Season.Name}",
                                "VerticalAlignment": "Center",
                                "FontName": "{FontNameBold}",
                                "FontSize": 16,
                                "Foreground": "{Foregroundwhithe}"
                            }
                        ]
                    },

                    {
                        "Name": "leagueLogo",
                        "MarginLeft": 36,
                        "MarginRight": 0,
                        "Height": 56,
                        "BlockType": "image",
                        "HorizontalAlignment": "Right",
                        "VerticalAlignment": "Center",
                        "Source": "{Season.LeagueInfo.LeagueLogo}"
                    }
                ]
            },            

            //table
            {
                "Name": "mainTable",
                "BlockType": "table",
                "Margin": "{MarginTable}",
                "MarginRight": 0,                
                "TableOptions": {
                    "ItemsSource": "{Events.Events}",
                    "RowSpacing": 8,
                    "ColSpacing": 0,
                    "HeaderTemplate": {
                        "BlockType": "text",
                        "MarginBottom": 8,
                        "TextOptionsExtern" : "tableColumnHeader"
                    },
                    "Columns": [
                        //date
                        {
                            "Template": {
                                "BlockType": "stack",
                                "Orientation": "Vertical",
                                "Background": "#ffffff",
                                "Items": [
                                    {
                                        "BlockType": "text",
                                        "PaddingLeft": 58,
                                        "PaddingRight": 48,
                                        "Source": "{Item.Date, Converter=DateToDayOfMonth}",
                                        "FontSize": 24,
                                        "Foreground": "#000000",
                                        "TextOptions": {
                                            "HorizontalAlignment": "Center"
                                        },
                                        
                                    },
                                    {
                                        "BlockType": "text",
                                        "PaddingLeft": 48,
                                        "PaddingRight": 48,
                                        "Source": "[{Item.Date, Converter=DateToMonthInWords}]",
                                        "FontSize": 24,
                                        "Foreground": "#6d6c72",
                                        "TextOptions": {
                                            "HorizontalAlignment": "Center"
                                        },
                                        
                                    }
                                ],
                                
                            }
                        },
                        //mettre un block avec background pour separateur ?
                        //number
                        {
                            "Template": {
                                "BlockType": "text",
                                "PaddingLeft": 48,
                                "Source": "{Item.Position}",
                                "HorizontalAlignment": "Center",
                                "VerticalAlignment": "Center",
                                "FontName": "{FontNameDefault}",
                                "Foreground": "#555555",
                                "FontSize": 20,
                                "Background": "{BackgroundDefault}",
                                "TextOptions": {
                                    "HorizontalAlignment": "Center"
                                }
                            }
                        },

                        {
                            "Template": {
                                "BlockType": "stack",
                                "PaddingLeft": 32,
                                "PaddingRight": 4,
                                "HorizontalAlignment": "Left",
                                "VerticalAlignment": "Center",
                                "Background": "{BackgroundDefault}",
                                "Items": [
                                    //flag
                                    {
                                        "BlockType": "image",
                                        "Height": 56,
                                        //"Padding" : "0, 8",
                                        "PaddingTop": 8,
                                        "PaddingBottom": 8,
                                        "MarginRight": 20,
                                        "VerticalAlignment": "Center",
                                        "ImageOptions": {
                                            "Path": "{Item.Track.Nation.LogoPath}",
                                            "VerticalAlignment": "Center"
                                        }
                                    },

                                    //country
                                    {
                                        "BlockType": "text",
                                        "Source": "[{Item.Track.Nation.Code}]",
                                        "HorizontalAlignment": "Left",
                                        "VerticalAlignment": "Center",
                                        "FontName": "{FontNameDefault}",
                                        "Foreground": "#B0B0B0",
                                        "FontSize": 20,
                                        "Triggers": [
                                            {
                                                "Condition": "{Item.CompletedStatus, Converter=StringEquals, Parameter=Completed}",
                                                "Property": "Foreground",
                                                "Value": "#757575"
                                            }
                                        ]
                                    }
                                ]
                            }
                        },

                        //location
                        {
                            "WidthStretch": true,
                            "Template": {
                                "BlockType": "text",
                                "PaddingLeft": 24,
                                "PaddingRight": 56,
                                "Source": "[{Item.Track.CircuitName}]",
                                "HorizontalAlignment": "Left",
                                "VerticalAlignment": "Center",
                                "FontName": "{FontNameDefault}",
                                "Foreground": "#A9A9A9",
                                "FontSize": 32,
                                "Background": "{BackgroundDefault}",
                                "Triggers": [
                                    {
                                        "Condition": "{Item.CompletedStatus, Converter=StringEquals, Parameter=Completed}",
                                        "Property": "Foreground",
                                        "Value": "#757575"
                                    }
                                ]
                            }
                        },

                        

                        //description
                        {
                            "Template": {
                                "BlockType": "text",
                                "RenderIf": "{ShowEventDescriptionInCalendar}",
                                "MaxWidth": 480,
                                "PaddingLeft": 48,
                                "PaddingRight": 48,
                                "Source": "{Item.Description}",
                                "HorizontalAlignment": "Left",
                                "VerticalAlignment": "Center",
                                "FontName": "{FontNameDefault}",
                                "Foreground": "#95C2C2C2",
                                "FontSize": 20,
                                "Background": "{BackgroundDefault}",
                                "Triggers": [
                                    {
                                        "Condition": "{Item.CompletedStatus, Converter=StringEquals, Parameter=Completed}",
                                        "Property": "Foreground",
                                        "Value": "#757575"
                                    }
                                ]
                            }
                        },

                        //winner
                        {
                            "Template": {
                                "BlockType": "text",
                                "RenderIf": "{ShowWinnerInCalendar}",
                                "MaxWidth": 320,
                                "PaddingLeft": 48,
                                "PaddingRight": 48,
                                "Source": "{Item.WinnerString}",
                                "HorizontalAlignment": "Left",
                                "VerticalAlignment": "Center",
                                "FontName": "{FontNameDefault}",
                                "Foreground": "#CCD2B200",
                                "FontSize": 20,
                                "Background": "{BackgroundDefault}"
                            }
                        }
                    ]
                }
            }
        ]
    }
}
