{
  "FontNameDefault": "Formula1-Regular",
  "FontNameWide": "Formula1-Wide",
  "FontNameBold": "Formula1-Bold",
  "FontSizeDefault": 20,
  "ForegroundDefault": "#5C5C5C",
  "BackgroundDefault": "#ffffff",
  "HeaderDefault": "#464646",
  "RowDefault": "#FFFFFF",
  "MarginRoot": "0, 0, 0, 0",
  "MarginTable": "0, 20",
  "Foregroundwhithe": "#ffffff",
  "ForegroundBlack": "#000000",
  "ForegroundGrey": "#67666e",
  "ForegroundRed": "#d64143",
  "Mercedes": "#6cd3bf",
  "Red Bull": "#1e5bc6",
  "Ferrari": "#ed1c24",
  "Mclaren": "#f58020",
  "Alpine": "#2293d1",
  "Alpha Tauri": "#4e7c9b",
  "Aston Martin": "#2d826d",
  "Williams": "#37bedd",
  "Alfa Romeo": "#b12039",
  "Haas": "#b6babd",
  "ForegroundDarker": "#a7a7a7",
  "TableColumnHeaderForeground": "#39383e",
  "PenaltyTimeGameForeground": "#BB7373",
  "PenaltyTimeStewardsForeground": "#F03232",
  "FastestLapRaceSelectedForeground": "#DC46DC",
  "FastestLapRaceStickerBackground": "#20CC00CC",
  "DriverDayRaceStickerBackground": "#2000CC00",
  "FastestLapQualSelectedForeground": "#CC25CC",
  "StandingsPointsForeground": "#c7c7c7",
  "Standings1stCountForeground": "#DDDD11",
  "Standings2ndCountForeground": "#AEB6BF",
  "Standings3rdCountForeground": "#BA957B",
  "StandingsFastestLapCountForeground": "#C46AC4",
  "StandingsPoleCountForeground": "#E046E0",
  "StandingsPenaltyPointCountForeground": "#BC0505",
  "SeasonProgressPositionDefaultForeground": "#999999",
  "SeasonProgressPositionNotClassifiedForeground": "#999999",
  "SeasonProgressPositionTop10Foreground": "#CCCCCC",
  "SeasonProgressPositionTop1Foregound": "#DDDD11",
  "SeasonProgressPositionTop2Foregound": "#AEB6BF",
  "SeasonProgressPositionTop3Foregound": "#BA957B",
  "SeasonProgressPointsForeground": "#AFAFAF",
  "SeasonProgressPointsZeroForeground": "#666666",
  "SeasonProgressPointsTopForeground": "#C2C2C2",
  "FIAFontSize": "28",
  "FIAText": "#000000",
  "FIALine": "#000000",
  "FIAGrandPrix": "#000000",
  "FIAMarginDetailsArea": "50,0,50,0",
  "FIALeftBlockWidth": "290",
  "FIARightBlockWidth": "1500",
  "FIAFont": "Formula1-Regular",
  "FIAFontWide": "Formula1-Bold",
  "PenaltySeparator": "#000000",
  "FIABGColor": "#FFFFFF",
  "ComparisonCellWidth": "280",
  "ComparisonCell": "225",
  "ComparisonCellHeight": "73",
  "ComparisonFontSize": "25",
  "ComparisonTitleSize": "25",
  "ComparisonNumberSize": "40",
  "FontSizeRightPart": "30",
  "ComparisonSpacingMid": "75",
  "ComparisonSpacing": "25",
  "ComparisonColorText1": "#FFFFFF",
  "ComparisonColorText2": "#000000"
}