{
    "BlockRoot": {
        "Name": "mainStack",
        "BlockType": "stack",
        "Margin": "50,50,50,50",       
        "Orientation": "Vertical",
        "Items": [
            {
                "BlockType" : "component",
                "ComponentName" : "header_block_cal"
            },

            {
                "BlockType" : "dock",
                "Orientation" : "Horizontal",
                "Width" : "*",
                "Items" : [
                    
                    {
                        "BlockType" : "itemstack",
                        "Orientation" : "Vertical",
                        "MarginRight" : 0,
                        "MarginBottom": 0,
                        "ItemStackOptions" : {
                            "ItemSource" : "{Events.Events}",
                            "Limit" : "{SecondCalendarEventsInColumn}",
                            "Template": {
                                "BlockType" : "component",
                                "ComponentName" : "event_calendar"
                            }
                        }
                        
                    },
                    {
                        "BlockType" : "itemstack",
                        "RenderIf": "{SecondCalendarEventsInColumn, Converter=NumberGreater, Parameter=0}",
                        "Orientation" : "Vertical",
                        "ItemStackOptions" : {
                            "ItemSource" : "{Events.Events}",
                            "Limit" : "{SecondCalendarEventsInColumn}",
                            "IndexStart" : "{SecondCalendarEventsInColumn}",
                            "Template": {
                                "BlockType" : "component",
                                "ComponentName" : "event_calendar"
                            }
                        }
                        
                    }
                ]
            }
        ]
    }
}
