{
    "BlockRoot": {
        "Name": "mainStack",
        "BlockType": "stack",
        "Margin": "{MarginRoot}",    
        "Orientation": "Vertical",
        "Items": [
            {
                "BlockType" : "component",
                "ComponentName" : "header_block_session"
            },
            {
                "BlockType" : "component",
                "ComponentName" : "separator"
            },
            {
                "Name": "mainTable",
                "BlockType": "table",
                "Margin" : "{MarginTable}",
                "TableOptions": {
                    "ItemsSource": "{Session.Drivers}",
                    "RowSpacing": 0,
                    "ColSpacing": 0,
                    "HeaderTemplate": {
                        "BlockType": "text",
                        "MarginBottom": 0,
                        "TextOptionsExtern" : "tableHeader",
                        "HorizontalAlignment" : "Center",
                        "Width" : "*"
                    },
                    "Columns": [
                        {
                            "Header": "",
                            "Template": {
                                "BlockType" : "component",                                
                                "ComponentName" : "position_cell",
                                "ComponentOptions" :{
                                    "Vars" :{
                                        "position" : "{Item.PositionString}"
                                    }
                                }
                            }
                        },
                        {
                            "Header": "[DRIVER]",
                            "Template":
                            {
                                "BlockType" : "component",
                                "ComponentName" : "driver_cell"                                
                            }
                        },
                        {
                            "Header": "[TEAM]",
                            "Template":
                            {
                                "BlockType" : "component",
                                "ComponentName" : "team_cell",
                                "ComponentOptions" :{
                                    "Vars" :{
                                        "MarginRight" : "200",
                                        "RenderIf" : "{RenderTeamBadgesOnSessionResults}"
                                    }
                                }
                            }
                        },
                        {
                            "Header": "[LAP TIME]",
                            "Template": {
                                "BlockType": "text",
                                "Padding": "6, 0",
                                "Source": "{Item.FastestLapTime}",
                                "MarginRight": 180,
                                "HorizontalAlignment": "Left",
                                "TextOptionsExtern" : "driverCell",
                                "RenderIf" : "{Session.IsLiveData}",
                                "TextOptions": {
                                    "HorizontalAlignment": "Center"
                                },
                                "Triggers" :[
                                    {
                                        "Condition" : "{RenderQualiStints}",
                                        "Property" : "MarginRight",
                                        "Value" : 0
                                    },
                                    {
                                        "Condition" : "{Item.FastestLapTime, Converter=EmptyObjectToTrue}",
                                        "Property" : "Source",
                                        "Value" : "--:--.---"
                                    }
                                ] 
                            }
                        },
                        {
                            "Header": "[STINTS]",
                            "Template": {
                                "BlockType": "itemstack",
                                "Spacing": 4,
                                "HorizontalAlignment": "Left",
                                "MarginRight": 150,
                                "RenderIf" : "{RenderQualiStints}",
                                "ItemStackOptions": {
                                    "ItemSource": "{Item.Stints}",
                                    "Template": {
                                        "BlockType": "stack",
                                        "VerticalAlignment": "Top",
                                        "PaddingTop" : 7,
                                        "HorizontalAlignment":"Center",
                                        "Spacing": 0,
                                        "Height": 17,
                                        "Items": [
                                            {
                                                "BlockType": "image",
                                                "Height": 17,
                                                "VerticalAlignment": "Center",
                                                "Source": "tyres_{Item.Tyres}.png",
                                                "HorizontalAlignment":"Center"
                                            }                                           
                                        ]
                                    }
                                }
                            }
                        },
                        {
                            "Header": "[TIME/GAP]",
                            "Template": {
                                "BlockType": "text",
                                "Padding": "6, 0",
                                "Source": "{Item.Time}",
                                "HorizontalAlignment": "Left",
                                "TextOptionsExtern" : "driverCell",
                                "TextOptions": {
                                    "HorizontalAlignment": "Center"
                                },
                                "RenderIf": true,
                                "Triggers" :[
                                    {
                                        "Condition" : "{Item.Time, Converter=EmptyObjectToTrue}",
                                        "Property" : "Source",
                                        "Value" : "--:--.---"
                                    }
                                ]
                            }
                        },
                        {
                            "Header" : "[PLACE PEN.]",
                            "Template" : {
                                "BlockType" : "text",
                                "Source" : "+{Item.PenaltyPosIngame}",
                                "RenderIf" : "{Item.PenaltyPosIngame, Converter=NumberNotEquals, Parameter=0}",
                                "Width" :85,
                                "TextOptionsExtern":"PenPos",
                                "MarginLeft": 80,
                                "HorizontalAlignment":"Center",
                                "TextOptions" : {
                                    "HorizontalAlignment" : "Center"
                                }
                            }
                        },
                        {
                            "Header": "[LAPS]",
                            "Template": {
                                "BlockType": "text",
                                "Padding": "6, 0",
                                "Source": "{Item.LapsCount}",
                                "MarginLeft": 180,
                                "HorizontalAlignment": "Left",
                                "Width":75,
                                "TextOptionsExtern" : "driverCell",
                                "RenderIf" : "{Session.IsLiveData}",
                                "TextOptions": {
                                    "HorizontalAlignment": "Center"
                                }
                            }
                        }
                    ]
                }
            },
            {
                "BlockType" : "component",
                "ComponentName" : "bg_footer"
            }          
        ]
    }
}
