{
    "BlockRoot": {
        "Name": "mainStack",
        "BlockType": "stack",
        "Margin": "24, 24, 24, 24",

        "Orientation": "Vertical",
        "Items": [            
            {
                "BlockType": "component",
                "ComponentName": "penalty_item",
                "ComponentOptions": {
                    "Vars": {
                        "Penalty": "{Penalty}"
                    }
                }               
            }            
        ]
    }
}
