{
    "BlockType": "stack",
    "HorizontalAlignment": "Left",
    "VerticalAlignment": "Center",
    "Items": [
        {
            "BlockType": "image",
            "Height": 19,
            "MarginRight": 12,
            "PaddingBottom" : 4,
            "VerticalAlignment": "Center",
            "ImageOptions": {
                "Path": "{Item.Driver.Nationality.LogoPath}"
            },
            "RenderIf": "{RenderDriverFlags}"
        },
        {
            "BlockType": "text",
            "MaxWidth": 300,
            "MarginRight": 150,
            "TextOptionsExtern": "driverCell",
            "Source": "{Item.Driver.Name, Converter=StringToUpperString}",
            "HorizontalAlignment": "Left",
            "VerticalAlignment": "Center",
            "Triggers" : [
                {
                    "Condition" : "{Metadata.RenderType, Converter=StringEquals, Parameter=DriverSeasonStatistics}",
                    "ConditionOr" : "{Metadata.RenderType, Converter=StringEquals, Parameter=DriverSessionStatistics}",
                    "Setters" : [
                        {
                            "Property" : "MarginRight",
                            "Value" : "0"
                        },
                        {
                            "Property" : "MaxWidth",
                            "Value" : ""
                        }
                    ]
                    
                }
            ]
        }
    ]
}