{
    "Name": "headerBlock",
    "BlockType": "dock",
    "Orientation": "Horizontal",
    "Foreground" : "{ForeGroundWhite}",
    "MarginLeft" : 0,
    "PaddingTop" : 7,
    "UseBackgroundCrop": true,
    "Width" : "*",
    "Items": [
        {
            "Name": "headerLeftPart",
            "BlockType": "stack",
            "Margin" : "{HeaderLeftMargin}",
            "Orientation": "Horizontal",
            "HorizontalAlignment": "Left",
            "VerticalAlignment" : "Center",
            "Items": [
                {
                    "BlockType" : "component",
                    "ComponentName" : "f1_logo_header",
                    "VerticalAlignment" : "Center"
                },
                {
                    "BlockType" : "component",
                    "ComponentName" : "league_logo_header",
                    "VerticalAlignment" : "Center"
                },
                {
                    "BlockType": "text",
                    "HorizontalAlignment":"Left",
                    "Source":"{Season.LeagueInfo.LeagueShortName}",
                    "MarginTop" : "{MarginTopHeaderText}",
                    "VerticalAlignment": "Center",
                    "TextOptionsExtern": "headerLeftTextOptions"
                },
                {
                    "BlockType": "text",
                    "HorizontalAlignment":"Left",
                    "Source": " {Session.SessionType, Converter=StringToUpperString}",
                    "MarginTop" : "{MarginTopHeaderText}",  
                    "VerticalAlignment": "Center",
                    "TextOptionsExtern": "headerLeftTextOptions",
                    "RenderIf": false,
                    "Triggers" :[
                        {
                            "Condition" : "{Session.RaceType, Converter=StringEquals, Parameter=Regular}",
                            "Property" : "RenderIf",
                            "Value" : true
                        }
                    ]
                },             
                {
                    "BlockType": "text",
                    "HorizontalAlignment":"Left",
                    "Source": " {Session.RaceType, Converter=StringToUpperString} RACE",
                    "MarginTop" : "{MarginTopHeaderText}",
                    "VerticalAlignment": "Center",
                    "TextOptionsExtern": "headerLeftTextOptions",
                    "RenderIf": true,
                    "Triggers" :[
                        {
                            "Condition" : "{Session.RaceType, Converter=StringEquals, Parameter=Regular}",
                            "Property" : "RenderIf",
                            "Value" : false
                        }
                    ]
                },
                {
                    "BlockType": "text",
                    "HorizontalAlignment":"Left",
                    "Source":" [CLASSIFICATION]",
                    "VerticalAlignment": "Center",
                    "MarginTop" : "{MarginTopHeaderText}",
                    "TextOptionsExtern": "headerLeftTextOptions",
                    "RenderIf" : "{Metadata.RenderType, Converter=StringNotEquals, Parameter=DriverSessionStatistics}"
                }
            ]
        },
        {
            "Name": "headerMiddlePart",
            "BlockType" : "stack",
            "HorizontalAlignment": "Left",
            "VerticalAlignment" : "Bottom",
            "MarginRight" : 50,
            "MarginBottom" : 3,
            "RenderIf" : "{Metadata.RenderType, Converter=StringNotEquals, Parameter=DriverSessionStatistics}",
            "Items": [
                {
                    "BlockType": "text",                                            
                    "RenderIf": false,
                    "Source": "[LAP]: {Session.TotalLaps}/{Session.TotalLaps}",
                    "VerticalAlignment": "Bottom",
                    "TextOptionsExtern": "headerMiddle",
                    "Triggers" : 
                    [
                        {
                            "Condition" : "{Session.IsLiveData}",
                            "ConditionAnd" : "{Session.SessionType, Converter=StringEquals, Parameter=Race}",
                            "Property" : "RenderIf",
                            "Value" : true
                        }
                    ]
                }
            ]
        },
        {
            "Name": "headerRightPart",
            "BlockType": "stack",
            "Orientation": "Vertical",
            "Spacing": 6,
            "HorizontalAlignment": "Right",
            "VerticalAlignment" : "Center",
            "MarginRight": 50,
            "Items": [
                {
                    "Name": "headerSessionLine",
                    "BlockType": "stack",
                    "Orientation": "Horizontal",
                    "Spacing": 8,
                    "Items": [
                        {
                            "Name": "CountryFlag",
                            "BlockType": "image",
                            "VerticalAlignment": "Top",
                            "Height": 60,
                            "Source": "{Session.Track.Nation.LogoPath}"
                        },
                        {
                            "Name": "CountryRightStack",
                            "BlockType": "stack",
                            "Orientation": "Vertical",
                            "HorizontalAlignment" : "Right",
                            "VerticalAlignment": "Top",
                            "MarginTop" : 6,
                            "Items": [
                                {
                                    "Name": "LocationName",
                                    "BlockType": "text",
                                    "HorizontalAlignment" : "Right",
                                    "Source": "{Session.Track.LocationName, Converter=StringToUpperString}",
                                    "TextOptionsExtern": "locationName"
                                },
                                {
                                    "Name": "CountryName",
                                    "BlockType": "text",
                                    "HorizontalAlignment" : "Right",
                                    "Source": "#[{Session.Track.CircuitName}GP]",
                                    "TextOptionsExtern": "countryName"
                                }
                                
                            ]
                        }
                    ]
                }
            ]
        }
    ]
}