{
    "RACE" : "RACE",
    "QUALIFYING" : "QUALIFYING",
    "PRACTICE" : "PRACTICE",
    "ROUND" : "ROUND",
    "OF" : "OUT OF",
    "LAPS" : "LAPS",
    "MIN" : "MIN",
    "INTERVAL" : "INTERVAL",
    "PEN. TIME" : "PEN. TIME",
    "FASTEST LAP" : "FASTEST LAP",
    "STINTS" : "STINTS",
    "POINTS" : "POINTS",
    "point" : "point",
    "STOPS": "STOPS",
    "GRID": "GRID",
    "GAP": "GAP",
    "TYRE": "TYRE",
    "TIME" : "TIME",
    "CALENDAR": "CALENDAR",
    "POINTS AFTER THE": "POINTS AFTER THE",
    "DRIVER": "DRIVER",
    "DRIVERS'": "DRIVERS'",
    "STANDINGS": "STANDINGS",
    "TEAM": "TEAM",
    "SOFT": "SOFT",
    "MEDIUM": "MEDIUM",
    "HARD": "HARD",
    "INTERMEDIATE": "INTERMEDIATE",
    "WET": "WET",
    "AVAILABLE TYRES": "AVAILABLE TYRES",
    "STARTING GRID": "STARTING GRID",
    "THE GRID": "THE GRID",
    "LINE-UP": "LINE-UP",
    "BEST": "BEST",
    "PIT STOPS": "PIT STOPS",
    "TOP": "TOP",
    "CONSTRUCTORS": "CONSTRUCTORS",
    "PURE RACE PACE": "PURE RACE PACE",
    "CONSISTENCY RATING": "CONSISTENCY RATING",
    "FASTEST LAPS": "FASTEST LAPS",
    "LONGEST STINTS": "LONGEST STINTS",
    "PURE TIME": "PURE TIME",
    "Tyre compound usage": "TYRE USAGE",
    "RATING": "RATING",
    "AVG DIFF": "AVG DIFF",
    "AVG LAP": "AVG LAP",
    "UNITED STATES OF AMERICA": "USA",
    "UNITED ARAB EMIRATES": "ABU DHABI",
    "DOWNTOWN CORE": "MARINA BAY",
    "STAVELOT": "SPA-FRANCORCHAMPS",
    "MONTMELÓ": "BARCELONA",
    "MOGYORÓD": "BUDAPEST",
    "PAUL RICARD GRAND PRIX" : "FRENCH GRAND PRIX",
    "AUSTIN GRAND PRIX" : "LENOVO UNITED STATES GRAND PRIX",
    "MONTREAL GRAND PRIX" : "PIRELLI GRAND PRIX DU CANADA",
    "INTERLAGOS GRAND PRIX" : "ROLEX GRANDE PREMIO DE SAO PAULO",
    "SILVERSTONE GRAND PRIX" : "ARAMCO BRITISH GRAND PRIX",
    "HUNGARORING GRAND PRIX" : "QATAR AIRWAYS HUNGARIAN GRAND PRIX",
    "MONZA GRAND PRIX" : "PIRELLI GRAN PREMIO D'ITALIA",
    "YAS MARINA GRAND PRIX" : "ETIHAD AIRWAYS ABU DHABI GRAND PRIX",
    "BARCELONA GRAND PRIX" : "AWS GRAN PREMIO DE ESPAÑA",
    "SUZUKA GRAND PRIX" : "LENOVO JAPANESE GRAND PRIX",
    "SPIELBERG GRAND PRIX" : "ROLEX GROSSER PREIS VON ÖSTERREICH",
    "ZANDVOORT GRAND PRIX" : "HEINEKEN DUTCH GRAND PRIX",
    "SPA-FRANCORCHAMPS GRAND PRIX" : "MSC CRUISES BELGIAN GRAND PRIX",
    "BAKU GRAND PRIX" : "AZERBAIJAN GRAND PRIX",
    "JEDDAH GRAND PRIX" : "STC SAUDI ARABIAN GRAND PRIX",
    "SHANGHAI GRAND PRIX" : "CHINA GRAND PRIX",
    "PORTIMÃO GRAND PRIX" : "PORTIMÃO GRAND PRIX",
    "BAHRAIN GRAND PRIX": "GULF AIR BAHRAIN GRAND PRIX",
    "MELBOURNE GRAND PRIX": "ROLEX AUSTRALIAN GRAND PRIX",
    "MIAMI GRAND PRIX": "CYRPTO.COM MIAMI GRAND PRIX",
    "IMOLA GRAND PRIX": "EMILIA-ROMAGNA GRAND PRIX",
    "MONACO GRAND PRIX": "GRAND PRIX DE MONACO",
    "MARINA BAY GRAND PRIX": "SINGAPORE AIRLINE SINGAPORE GRAND PRIX",
    "MEXICO GRAND PRIX": "GRAN PREMIO DE LA CIUDAD DE MÉXICO",
    "LOSAIL GRAND PRIX": "QATAR AIRWAYS QATAR GRAND PRIX",
    "LAS VEGAS GRAND PRIX": "HEINEKEN SILVER LAS VEGAS GRAND PRIX",
    "January": "JAN",
    "February": "FEB",
    "March": "MAR",
    "April": "APR",
    "May": "MAY",
    "June": "JUN",
    "July": "JUL",
    "August": "AUG",
    "September": "SEP",
    "October": "OCT",
    "November": "NOV",
    "December": "DEC",
    "RED BULL HONDA RBPT":"RED BULL HONDA RBPT",
    "FERRARI":"FERRARI",
    "MERCEDES":"MERCEDES",
    "ALPINE RENAULT":"ALPINE RENAULT",
    "McLAREN MERCEDES":"McLAREN MERCEDES",
    "ALFA ROMEO FERRARI":"ALFA ROMEO FERRARI",
    "ASTON MARTIN ARAMCO MERCEDES":"ASTON MARTIN ARAMCO MERCEDES",
    "HAAS FERRARI":"HAAS FERRARI",
    "ALPHATAURI HONDA RBPT":"ALPHATAURI HONDA RBPT",
    "WILLIAMS MERCEDES":"WILLIAMS MERCEDES",
    "RED BULL RACING":"RED BULL RACING",
    "MERCEDES-AMG":"MERCEDES-AMG",
    "ST": "ST",
    "ND": "ND",
    "RD": "RD",
    "TH": "TH",
    "1TH": "1ST",
    "2TH": "2ND",
    "3TH": "3RD",
    "4TH": "4TH",
    "5TH": "5TH",
    "6TH": "6TH",
    "7TH": "7TH",
    "8TH": "8TH",
    "9TH": "9TH",
    "10TH": "10TH",
    "11TH": "11TH",
    "12TH": "12TH",
    "13TH": "13TH",
    "14TH": "14TH",
    "15TH": "15TH",
    "16TH": "16TH",
    "17TH": "17TH",
    "18TH": "18TH",
    "19TH": "19TH",
    "20TH": "20TH",
    "21TH": "21ST",
    "22TH": "22ND",
    "23TH": "23RD",
    "24TH": "24TH",
    "25TH": "25TH",
    "26TH": "26TH",
    "27TH": "27TH",
    "28TH": "28TH",
    "29TH": "29TH",
    "30TH": "30TH",
    "RESERVE": "RESERVE",
    "MAIN CLASSIFICATION": "RACE CLASSIFICATION",
    "QUALIFICATION CLASSIFICATION": "QUALIFICATION CLASSIFICATION",
    "SPRINT CLASSIFICATION": "SPRINT CLASSIFICATION",
    "DRIVERS' STANDINGS": "DRIVERS' STANDINGS",
    "CONSTRUCTORS' STANDINGS": "CONSTRUCTORS' STANDINGS",
    "Paul Ricard Grand Prix" : "French Grand Prix",
    "Austin Grand Prix" : "Lenovo United States Grand Prix",
    "Montreal Grand Prix" : "Peirelli Grand Prix du Canada",
    "Interlagos Grand Prix" : "Rolex Grande Premio de Sao Paulo",
    "Silverstone Grand Prix" : "Aramco British Grand Prix",
    "Hungaroring Grand Prix" : "Qatar Airways Hungarian Grand Prix",
    "Monza Grand Prix" : "Pirelli Gran Premio D'Italia",
    "Yas Marina Grand Prix" : "Etihad Airways Abu Dhabi Grand Prix",
    "Barcelona Grand Prix" : "AWS Gran Premio de España",
    "Suzuka Grand Prix" : "Lenovo Japanese Grand Prix",
    "Spielberg Grand Prix" : "Rolex Grosser Preis Von Österreich",
    "Zandvoort Grand Prix" : "Heineken Dutch Grand Prix",
    "Spa-Francorchamps Grand Prix" : "MSC Cruises Belgian Grand Prix",
    "Baku Grand Prix" : "Azerbaijan Grand Prix",
    "Jeddah Grand Prix" : "STC Saudi Arabian Grand Prix",
    "Shanghai Grand Prix" : "China Grand Prix",
    "Portimão Grand Prix" : "Portimão Grand Prix",
    "Bahrain Grand Prix": "Gulf Air Bahrain Grand Prix",
    "Melbourne Grand Prix": "Rolex Australian Grand Prix",
    "Miami Grand Prix": "Cyrpto.com Miami Grand Prix",
    "Imola Grand Prix": "Qatar Airways Gran Premio del Mae in Italy e Dell'Emilia-Romagna",
    "Monaco Grand Prix": "Grand Prix De Monaco",
    "Marina Bay Grand Prix": "Singapore Airline Singapore Grand Prix",
    "Mexico Grand Prix": "Gran Premio de la Ciudad de México",
    "Losail Grand Prix": "Qatar Airways Watar Grand Prix",
    "Las Vegas Grand Prix": "Heineken Silver Las Vegas Grand Prix",
    "AVG GRID TO FINISH POSITION CHANGE": "AVERAGE POSITION CHANGE",
    "MAXIMUM SERIES OF FINISHES IN RACES": "MAXIMUM SERIES OF FINISHES IN RACES",
    "MAXIMUM SERIES OF SCORING POINTS IN RACES": "MAXIMUM SERIES OF SCORING POINTS IN RACES",
    "PP": "PP",
    "WARNINGS": "WARNINGS",
    "STEWARDS": "STEWARDS",
    "POSITIONS": "POSITIONS",
    "GAME": "GAME",
    "PP-AT": "PP-AT",
    "WARNS-AT": "WARNS-AT",
    "First Grand Prix": "First Grand Prix",
    "Number of Laps": "Number of Laps",
    "Circuit Length": "Circuit Length",
    "Turns": "Turns",
    "Lap Record": "Lap Record",
    "Previous Fastest Lap": "Previous Fastest Lap",
    "FIAFrom": "From",
    "FIADate": "Date",
    "FIAReservist": "Reservist",
    "FIADriver": "No / Driver",
    "FIANumberSeparator": "-",
    "FIACompetitor": "Competitor",
    "FIASession": "Session",
    "FIAOffence" : "Offence",
    "FIAinvolvingdriver(s)": "involving driver(s)",
    "FIAinturn": "in turn",
    "FIAonlap": "on lap",
    "FIADecision": "Decision",
    "FIADetails": "Details",
    "FIAVerdict": "Verdict",
    "FIASignature": "The Stewards",
    "FIATheStewards": "The Stewards"
}
