{
    "RACE" : "GARA",
    "QUALIFYING" : "QUALIFICHE",
    "PRACTICE" : "PROVA",
    "ROUND" : "TURNO",
    "OF" : "SU",
    "LAPS" : "GIRO",
    "MIN" : "MIN",
    "INTERVAL" : "INTERVALLO",
    "PEN. TIME" : "TEMPO DI PEN.",
    "FASTEST LAP" : "GIRO PIÙ VELOCE",
    "STINTS" : "STINT",
    "POINTS" : "PUNTI",
    "point" : "punto",
    "STOPS": "SOSTE",
    "GRID": "GRIGLIA",
    "GAP": "DISTACCO",
    "TYRE": "PNEUMATICO",
    "TIME" : "TEMPO",
    "CALENDAR": "CALENDARIO",
    "POINTS AFTER THE": "PUNTI DOPO IL",
    "DRIVER": "PILOTI",
    "STANDINGS": "CLASSIFICA",
    "TEAM": "TEAM",
    "SOFT": "MORBIDE",
    "MEDIUM": "MEDIE",
    "HARD": "DURE",
    "INTERMEDIATE": "INTERMEDIE",
    "WET": "BAGNATO",
    "AVAILABLE TYRES": "PNEUMATICI DISPONIBILI",
    "STARTING GRID": "GRIGLIA DI PARTENZA",
    "THE GRID": "LA GRIGLIA",
    "LINE-UP": "LINE-UP",
    "BEST": "MIGLIORE",
    "PIT STOPS": "SOSTE AI BOX",
    "TOP": "TOP",
    "CONSTRUCTORS": "COSTRUTTORI",
    "PURE RACE PACE": "VELOCITÀ PURA IN GARA",
    "CONSISTENCY RATING": "VALUTAZIONE DI COSTANZA",
    "FASTEST LAPS": "GIRO VELOCE",
    "LONGEST STINTS": "STINT PIÙ LUNGO",
    "PURE TIME": "TEMPO PURO",
    "TYRE COMPOUND USAGE": "UTILIZZO DEL TIPO DI PNEUMATICO",
    "RATING": "VALUTAZIONE",
    "AVG DIFF": "DIFF MEDIA",
    "AVG LAP": "GIRO MEDIO",
    "UNITED STATES OF AMERICA": "USA",
    "UNITED ARAB EMIRATES": "ABU DHABI",
    "DOWNTOWN CORE": "MARINA BAY",
    "STAVELOT": "SPA-FRANCORCHAMPS",
    "MONTMELÓ": "BARCELLONA",
    "MOGYORÓD": "BUDAPEST",
    "PAUL RICARD GRAND PRIX" : "GRAN PREMIO DI FRANCIA",
    "AUSTIN GRAND PRIX" : "GRAN PREMIO DEGLI STATI UNITI LENOVO",
    "MONTREAL GRAND PRIX" : "GRAN PREMIO DEL CANADA PIRELLI",
    "INTERLAGOS GRAND PRIX" : "GRANDE PREMIO DI SAO PAULO ROLEX",
    "SILVERSTONE GRAND PRIX" : "GRAN PREMIO DI GRAN BRETAGNA ARAMCO",
    "HUNGARORING GRAND PRIX" : "GRAN PREMIO DELL'UNGHERIA QATAR AIRWAYS",
    "MONZA GRAND PRIX" : "GRAN PREMIO D'ITALIA PIRELLI",
    "YAS MARINA GRAND PRIX" : "GRAN PREMIO DI ABU DHABI ETIHAD AIRWAYS",
    "BARCELONA GRAND PRIX" : "GRAN PREMIO DI SPAGNA AWS",
    "SUZUKA GRAND PRIX" : "GRAN PREMIO DEL GIAPPONE LENOVO",
    "SPIELBERG GRAND PRIX" : "GRAN PREMIO DELL'AUSTRIA ROLEX",
    "ZANDVOORT GRAND PRIX" : "GRAN PREMIO DELL'OLANDA HEINEKEN",
    "SPA-FRANCORCHAMPS GRAND PRIX" : "GRAN PREMIO DEL BELGIO MSC CRUISES",
    "BAKU GRAND PRIX" : "GRAN PREMIO DELL'AZERBAIGIAN",
    "JEDDAH GRAND PRIX" : "GRAN PREMIO DELL'ARABIA SAUDITA STC",
    "SHANGHAI GRAND PRIX" : "GRAN PREMIO DELLA CINA",
    "PORTIMÃO GRAND PRIX" : "GRAN PREMIO DI PORTIMÃO",
    "BAHRAIN GRAND PRIX": "GRAN PREMIO DEL BAHRAIN GULF AIR",
    "MELBOURNE GRAND PRIX": "GRAN PREMIO DELL'AUSTRALIA ROLEX",
    "MIAMI GRAND PRIX": "GRAN PREMIO DI MIAMI CYRPTO.COM",
    "IMOLA GRAND PRIX": "GRAN PREMIO DELL'EMILIA-ROMAGNA",
    "MONACO GRAND PRIX": "GRAN PREMIO DI MONACO",
    "MARINA BAY GRAND PRIX": "GRAN PREMIO DI SINGAPORE SINGAPORE AIRLINE",
    "MEXICO GRAND PRIX": "GRAN PREMIO DEL MESSICO",
    "LOSAIL GRAND PRIX": "GRAN PREMIO DEL QATAR QATAR AIRWAYS",
    "LAS VEGAS GRAND PRIX": "GRAN PREMIO DI LAS VEGAS HEINEKEN",
    "January": "GEN",
    "February": "FEB",
    "March": "MAR",
    "April": "APR",
    "May": "MAG",
    "June": "GIU",
    "July": "LUG",
    "August": "AGO",
    "September": "SET",
    "October": "OTT",
    "November": "NOV",
    "December": "DIC",
    "RED BULL HONDA RBPT":"RED BULL HONDA RBPT",
    "FERRARI":"FERRARI",
    "MERCEDES":"MERCEDES",
    "ALPINE RENAULT":"ALPINE RENAULT",
    "McLAREN MERCEDES":"McLAREN MERCEDES",
    "ALFA ROMEO FERRARI":"ALFA ROMEO FERRARI",
    "ASTON MARTIN ARAMCO MERCEDES":"ASTON MARTIN ARAMCO MERCEDES",
    "HAAS FERRARI":"HAAS FERRARI",
    "ALPHATAURI HONDA RBPT":"ALPHATAURI HONDA RBPT",
    "WILLIAMS MERCEDES":"WILLIAMS MERCEDES",
    "RED BULL RACING":"RED BULL RACING",
    "MERCEDES-AMG":"MERCEDES-AMG",
    "ST": "°",
    "ND": "°",
    "RD": "°",
    "TH": "°",
    "1TH": "1°",
    "2TH": "2°",
    "3TH": "3°",
    "4TH": "4°",
    "5TH": "5°",
    "6TH": "6°",
    "7TH": "7°",
    "8TH": "8°",
    "9TH": "9°",
    "10TH": "10°",
    "11TH": "11°",
    "12TH": "12°",
    "13TH": "13°",
    "14TH": "14°",
    "15TH": "15°",
    "16TH": "16°",
    "17TH": "17°",
    "18TH": "18°",
    "19TH": "19°",
    "20TH": "20°",
    "21TH": "21°",
    "22TH": "22°",
    "23TH": "23°",
    "24TH": "24°",
    "25TH": "25°",
    "26TH": "26°",
    "27TH": "27°",
    "28TH": "28°",
    "29TH": "29°",
    "30TH": "30°",
    "RESERVE": "RISERVA",
    "MAIN CLASSIFICATION": "CLASSIFICA DELLA GARA",
    "SPRINT CLASSIFICATION": "CLASSIFICA DELLA SPRINT",
    "QUALIFICATION CLASSIFICATION": "CLASSIFICA DELLE QUALIFICHE",
    "DRIVERS' STANDINGS": "CLASSIFICA PILOTI",
    "CONSTRUCTORS' STANDINGS": "CLASSIFICA COSTRUTTORI",
    "Paul Ricard Grand Prix" : "Gran Premio di Francia",
    "Austin Grand Prix" : "Gran Premio degli Stati Uniti Lenovo",
    "Montreal Grand Prix" : "Gran Premio del Canada Peirelli",
    "Interlagos Grand Prix" : "Gran Premio di Sao Paulo Rolex",
    "Silverstone Grand Prix" : "Gran Premio di Gran Bretagna Aramco",
    "Hungaroring Grand Prix" : "Gran Premio dell'Ungheria Qatar Airways",
    "Monza Grand Prix" : "Gran Premio d'Italia Pirelli",
    "Yas Marina Grand Prix" : "Gran Premio di Abu Dhabi Etihad Airways",
    "Barcelona Grand Prix" : "Gran Premio di Spagna AWS",
    "Suzuka Grand Prix" : "Gran Premio del Giappone Lenovo",
    "Spielberg Grand Prix" : "Gran Premio dell'Austria Rolex",
    "Zandvoort Grand Prix" : "Gran Premio dell'Olanda Heineken",
    "Spa-Francorchamps Grand Prix" : "Gran Premio del Belgio MSC Cruises",
    "Baku Grand Prix" : "Gran Premio dell'Azerbaijan",
    "Jeddah Grand Prix" : "Gran Premio dell'Arabia Saudita STC",
    "Shanghai Grand Prix" : "Gran Premio della Cina",
    "Portimão Grand Prix" : "Gran Premio di Portimão",
    "Bahrain Grand Prix": "Gran Premio del Bahrain Gulf Air",
    "Melbourne Grand Prix": "Gran Premio dell'Australia Rolex",
    "Miami Grand Prix": "Gran Premio di Miami Cyrpto.com",
    "Imola Grand Prix": "Gran Premio dell'Emilia-Romagna Qatar Airways",
    "Monaco Grand Prix": "Gran Premio di Monaco",
    "Marina Bay Grand Prix": "Gran Premio di Singapore Singapore Airline",
    "Mexico Grand Prix": "Gran Premio del Messico",
    "Losail Grand Prix": "Gran Premio del Qatar Qatar Airways",
    "Las Vegas Grand Prix": "Gran Premio di Las Vegas Heineken",
    "PP": "PP",
    "WARNINGS": "WARNINGS",
    "STEWARDS": "STEWARDS",
    "POSITIONS": "POSITIONS",
    "GAME": "GAME",
    "PP-AT": "PP-AT",
    "WARNS-AT": "WARNS-AT",
    "First Grand Prix": "First Grand Prix",
    "Number of Laps": "Number of Laps",
    "Circuit Length": "Circuit Length",
    "Turns": "Turns",
    "Lap Record": "Lap Record",
    "Previous Fastest Lap": "Previous Fastest Lap",
    "FIAFrom": "Da",
    "FIADate": "Data",
    "FIAReservist": "Riserva",
    "FIADriver": "No / Pilota",
    "FIANumberSeparator": "-",
    "FIACompetitor": "Concorrente",
    "FIASession": "Sessione",
    "FIAOffence" : "Infrazione",
    "FIAinvolvingdriver(s)": "coinvolgendo il pilota(i)",
    "FIAinturn": "nel turno",
    "FIAonlap": "al giro",
    "FIADecision": "Decisione",
    "FIADetails": "Dettagli",
    "FIAVerdict": "Verdetto",
    "FIASignature": "Gli steward",
    "FIATheStewards": "Gli steward"
}
