{
    "RACE" : "CORRIDA",
    "QUALIFYING" : "QUALIFICAÇÃO",
    "PRACTICE" : "TREINO",
    "ROUND" : "ETAPA",
    "OF" : "DE",
    "LAPS" : "VOLTAS",
    "MIN" : "MÍNIMO",
    "INTERVAL" : "INTERVALO",
    "PEN. TIME" : "PEN. TEMPO",
    "FASTEST LAP" : "VOLTA MAIS RÁPIDA",
    "STINTS" : "STINTS",
    "POINTS" : "PONTOS",
    "point" : "ponto",
    "STOPS": "PARADAS",
    "GRID": "GRID",
    "GAP": "INTERVALO",
    "TYRE": "PNEU",
    "TIME" : "TEMPO",
    "CALENDAR": "CALENDÁRIO",
    "POINTS AFTER THE": "PONTOS APÓS",
    "DRIVER": "DE PILOTOS",
    "DRIVERS'": "PILOTOS",
    "STANDINGS": "CLASSIFICAÇÃO",
    "TEAM": "DE CONSTRUTORES",
    "SOFT": "MACIO",
    "MEDIUM": "MÉDIO",
    "HARD": "DURO",
    "INTERMEDIATE": "INTERMEDIÁRIO",
    "WET": "CHUVA",
    "AVAILABLE TYRES": "PNEUS DISPONÍVEIS",
    "STARTING GRID": "GRID INICIAL",
    "THE GRID": "O GRID",
    "LINE-UP": "LINE-UP",
    "BEST": "MELHOR",
    "PIT STOPS": "PARADAS",
    "TOP": "TOP",
    "CONSTRUCTORS'": "CONSTRUTORES",
    "PURE RACE PACE": "RITMO DE CORRIDA",
    "CONSISTENCY RATING": "NOTA DE CONSISTÊNCIA",
    "FASTEST LAPS": "VOLTAS MAIS RÁPIDAS",
    "LONGEST STINTS": "STINTS MAIS LONGAS",
    "Pure time": "TEMPO",
    "Tyre compound usage": "USO DE COMPOSTOS DE PNEUS",
    "Rating": "NOTA",
    "Avg diff": "Diferença Média",
    "AVG LAP": "Volta Média",
    "UNITED STATES OF AMERICA": "USA",
    "UNITED ARAB EMIRATES": "ABU DHABI",
    "DOWNTOWN CORE": "MARINA BAY",
    "STAVELOT": "SPA-FRANCORCHAMPS",
    "MONTMELÓ": "BARCELONA",
    "MOGYORÓD": "BUDAPEST",
    "PAUL RICARD GRAND PRIX" : "FRENCH GRAND PRIX",
    "AUSTIN GRAND PRIX" : "LENOVO UNITED STATES GRAND PRIX",
    "MONTREAL GRAND PRIX" : "PIRELLI GRAND PRIX DU CANADA",
    "INTERLAGOS GRAND PRIX" : "ROLEX GRANDE PREMIO DE SAO PAULO",
    "SILVERSTONE GRAND PRIX" : "ARAMCO BRITISH GRAND PRIX",
    "HUNGARORING GRAND PRIX" : "QATAR AIRWAYS HUNGARIAN GRAND PRIX",
    "MONZA GRAND PRIX" : "PIRELLI GRAN PREMIO D'ITALIA",
    "YAS MARINA GRAND PRIX" : "ETIHAD AIRWAYS ABU DHABI GRAND PRIX",
    "BARCELONA GRAND PRIX" : "AWS GRAN PREMIO DE ESPAÑA",
    "SUZUKA GRAND PRIX" : "LENOVO JAPANESE GRAND PRIX",
    "SPIELBERG GRAND PRIX" : "ROLEX GROSSER PREIS VON ÖSTERREICH",
    "ZANDVOORT GRAND PRIX" : "HEINEKEN DUTCH GRAND PRIX",
    "SPA-FRANCORCHAMPS GRAND PRIX" : "MSC CRUISES BELGIAN GRAND PRIX",
    "BAKU GRAND PRIX" : "AZERBAIJAN GRAND PRIX",
    "JEDDAH GRAND PRIX" : "STC SAUDI ARABIAN GRAND PRIX",
    "SHANGHAI GRAND PRIX" : "CHINA GRAND PRIX",
    "PORTIMÃO GRAND PRIX" : "PORTIMÃO GRAND PRIX",
    "BAHRAIN GRAND PRIX": "GULF AIR BAHRAIN GRAND PRIX",
    "MELBOURNE GRAND PRIX": "ROLEX AUSTRALIAN GRAND PRIX",
    "MIAMI GRAND PRIX": "CYRPTO.COM MIAMI GRAND PRIX",
    "IMOLA GRAND PRIX": "EMILIA-ROMAGNA GRAND PRIX",
    "MONACO GRAND PRIX": "GRAND PRIX DE MONACO",
    "MARINA BAY GRAND PRIX": "SINGAPORE AIRLINE SINGAPORE GRAND PRIX",
    "MEXICO GRAND PRIX": "GRAN PREMIO DE LA CIUDAD DE MÉXICO",
    "LOSAIL GRAND PRIX": "QATAR AIRWAYS QATAR GRAND PRIX",
    "LAS VEGAS GRAND PRIX": "HEINEKEN SILVER LAS VEGAS GRAND PRIX",
    "January": "JAN",
    "February": "FEV",
    "March": "MAR",
    "April": "ABR",
    "May": "MAI",
    "June": "JUN",
    "July": "JUL",
    "August": "AGO",
    "September": "SET",
    "October": "OUT",
    "November": "NOV",
    "December": "DEZ",
    "RED BULL HONDA RBPT":"RED BULL HONDA RBPT",
    "FERRARI":"FERRARI",
    "MERCEDES":"MERCEDES",
    "ALPINE RENAULT":"ALPINE RENAULT",
    "McLAREN MERCEDES":"McLAREN MERCEDES",
    "ALFA ROMEO FERRARI":"ALFA ROMEO FERRARI",
    "ASTON MARTIN ARAMCO MERCEDES":"ASTON MARTIN ARAMCO MERCEDES",
    "HAAS FERRARI":"HAAS FERRARI",
    "ALPHATAURI HONDA RBPT":"ALPHATAURI HONDA RBPT",
    "WILLIAMS MERCEDES":"WILLIAMS MERCEDES",
    "RED BULL RACING":"RED BULL RACING",
    "MERCEDES-AMG":"MERCEDES-AMG",
    "ST": "°",
    "ND": "°",
    "RD": "°",
    "TH": "°",
    "1TH": "1°",
    "2TH": "2°",
    "3TH": "3°",
    "4TH": "4°",
    "5TH": "5°",
    "6TH": "6°",
    "7TH": "7°",
    "8TH": "8°",
    "9TH": "9°",
    "10TH": "10°",
    "11TH": "11°",
    "12TH": "12°",
    "13TH": "13°",
    "14TH": "14°",
    "15TH": "15°",
    "16TH": "16°",
    "17TH": "17°",
    "18TH": "18°",
    "19TH": "19°",
    "20TH": "20°",
    "21TH": "21°",
    "22TH": "22°",
    "23TH": "23°",
    "24TH": "24°",
    "25TH": "25°",
    "26TH": "26°",
    "27TH": "27°",
    "28TH": "28°",
    "29TH": "29°",
    "30TH": "30°",
    "RESERVE": "RESERVA",
    "MAIN CLASSIFICATION": "CLASSIFICAÇÃO DA CORRIDA",
    "QUALIFICATION CLASSIFICATION": "CLASSIFICAÇÃO DA QUALIFICAÇÃO",
    "DRIVERS' STANDINGS": "CLASSIFICAÇÃO DE PILOTOS",
    "CONSTRUCTORS' STANDINGS": "CLASSIFICAÇÃO DE CONSTRUTORES",
    "Paul Ricard Grand Prix" : "French Grand Prix",
    "Austin Grand Prix" : "Lenovo United States Grand Prix",
    "Montreal Grand Prix" : "Peirelli Grand Prix du Canada",
    "Interlagos Grand Prix" : "Rolex Grande Premio de Sao Paulo",
    "Silverstone Grand Prix" : "Aramco British Grand Prix",
    "Hungaroring Grand Prix" : "Qatar Airways Hungarian Grand Prix",
    "Monza Grand Prix" : "Pirelli Gran Premio D'Italia",
    "Yas Marina Grand Prix" : "Etihad Airways Abu Dhabi Grand Prix",
    "Barcelona Grand Prix" : "AWS Gran Premio de España",
    "Suzuka Grand Prix" : "Lenovo Japanese Grand Prix",
    "Spielberg Grand Prix" : "Rolex Grosser Preis Von Österreich",
    "Zandvoort Grand Prix" : "Heineken Dutch Grand Prix",
    "Spa-Francorchamps Grand Prix" : "MSC Cruises Belgian Grand Prix",
    "Baku Grand Prix" : "Azerbaijan Grand Prix",
    "Jeddah Grand Prix" : "STC Saudi Arabian Grand Prix",
    "Shanghai Grand Prix" : "China Grand Prix",
    "Portimão Grand Prix" : "Portimão Grand Prix",
    "Bahrain Grand Prix": "Gulf Air Bahrain Grand Prix",
    "Melbourne Grand Prix": "Rolex Australian Grand Prix",
    "Miami Grand Prix": "Cyrpto.com Miami Grand Prix",
    "Imola Grand Prix": "Qatar Airways Gran Premio del Mae in Italy e Dell'Emilia-Romagna",
    "Monaco Grand Prix": "Grand Prix De Monaco",
    "Marina Bay Grand Prix": "Singapore Airline Singapore Grand Prix",
    "Mexico Grand Prix": "Gran Premio de la Ciudad de México",
    "Losail Grand Prix": "Qatar Airways Watar Grand Prix",
    "Las Vegas Grand Prix": "Heineken Silver Las Vegas Grand Prix",
    "PP": "PP",
    "WARNINGS": "WARNINGS",
    "STEWARDS": "STEWARDS",
    "POSITIONS": "POSITIONS",
    "GAME": "GAME",
    "PP-AT": "PP-AT",
    "WARNS-AT": "WARNS-AT",
    "First Grand Prix": "First Grand Prix",
    "Number of Laps": "Number of Laps",
    "Circuit Length": "Circuit Length",
    "Turns": "Turns",
    "Lap Record": "Lap Record",
    "Previous Fastest Lap": "Previous Fastest Lap",
    "FIAFrom": "De",
    "FIADate": "Data",
    "FIAReservist": "Reservista",
    "FIADriver": "No / Piloto",
    "FIANumberSeparator": "-",
    "FIACompetitor": "Competidor",
    "FIASession": "Sessão",
    "FIAOffence" : "Ofensa",
    "FIAinvolvingdriver(s)": "piloto(s) envolvido(s)",
    "FIAinturn": "na curva",
    "FIAonlap": "na volta",
    "FIADecision": "Decisão",
    "FIADetails": "Detalhes",
    "FIAVerdict": "Veredito",
    "FIASignature": "Os Fiscais",
    "FIATheStewards": "Os Fiscais"
}