{
    "RACE" : "RACE",
    "QUALIFYING" : "KVAL",
    "PRACTICE" : "TRÄNING",
    "ROUND" : "RUNDA",
    "OF" : "AV",
    "LAPS" : "VARV",
    "MIN" : "MIN",
    "INTERVAL" : "INTERVALL",
    "PEN. TIME" : "STR. TID",
    "FASTEST LAP" : "SNABBASTE VARV",
    "STINTS" : "STINTER",
    "POINTS" : "POÄNG",
    "point" : "poäng",
    "STOPS": "STOPP",
    "GRID": "GRID",
    "GAP": "AVSTÅND",
    "TYRE": "DÄCK",
    "TIME" : "TID",
    "CALENDAR": "KALENDER",
    "POINTS AFTER THE": "POÄNG EFTER",
    "DRIVER": "FÖRAR",
    "DRIVERS'": "FÖRAR",
    "STANDINGS": "VM",
    "TEAM": "KONSTRUKTÖRS",
    "SOFT": "SOFTS",
    "MEDIUM": "MEDIUMS",
    "HARD": "HARDS",
    "INTERMEDIATE": "INTERMEDIATES",
    "WET": "WETS",
    "AVAILABLE TYRES": "TILLGÄNGLIGA DÄCK",
    "STARTING GRID": "START GRIDDEN",
    "THE GRID": "GRIDDEN",
    "LINE-UP": "UPPSTÄLLNING",
    "BEST": "SNABBASTE",
    "PIT STOPS": "DEPÅ STOPP",
    "TOP": "TOPP",
    "CONSTRUCTORS": "KONSTRUKTÖRS",
    "PURE RACE PACE": "REN RACE PACE",
    "CONSISTENCY RATING": "KONSEKVENS RATING",
    "FASTEST LAPS": "SNABBASTE VARV",
    "LONGEST STINTS": "LÄNGSTA STINT",
    "PURE TIME": "REN TID",
    "TYRE COMPOUND USAGE": "DÄCKVAL",
    "RATING": "RATING",
    "AVG DIFF": "SNITT SKILLNAD",
    "AVG LAP": "SNITT VARV",
    "UNITED STATES OF AMERICA": "USA",
    "UNITED ARAB EMIRATES": "ABU DHABI",
    "DOWNTOWN CORE": "MARINA BAY",
    "STAVELOT": "SPA-FRANCORCHAMPS",
    "MONTMELÓ": "BARCELONA",
    "MOGYORÓD": "BUDAPEST",
    "PAUL RICARD GRAND PRIX" : "FRENCH GRAND PRIX",
    "AUSTIN GRAND PRIX" : "LENOVO UNITED STATES GRAND PRIX",
    "MONTREAL GRAND PRIX" : "PIRELLI GRAND PRIX DU CANADA",
    "INTERLAGOS GRAND PRIX" : "ROLEX GRANDE PREMIO DE SAO PAULO",
    "SILVERSTONE GRAND PRIX" : "ARAMCO BRITISH GRAND PRIX",
    "HUNGARORING GRAND PRIX" : "QATAR AIRWAYS HUNGARIAN GRAND PRIX",
    "MONZA GRAND PRIX" : "PIRELLI GRAN PREMIO D'ITALIA",
    "YAS MARINA GRAND PRIX" : "ETIHAD AIRWAYS ABU DHABI GRAND PRIX",
    "BARCELONA GRAND PRIX" : "AWS GRAN PREMIO DE ESPAÑA",
    "SUZUKA GRAND PRIX" : "LENOVO JAPANESE GRAND PRIX",
    "SPIELBERG GRAND PRIX" : "ROLEX GROSSER PREIS VON ÖSTERREICH",
    "ZANDVOORT GRAND PRIX" : "HEINEKEN DUTCH GRAND PRIX",
    "SPA-FRANCORCHAMPS GRAND PRIX" : "MSC CRUISES BELGIAN GRAND PRIX",
    "BAKU GRAND PRIX" : "AZERBAIJAN GRAND PRIX",
    "JEDDAH GRAND PRIX" : "STC SAUDI ARABIAN GRAND PRIX",
    "SHANGHAI GRAND PRIX" : "CHINA GRAND PRIX",
    "PORTIMÃO GRAND PRIX" : "PORTIMÃO GRAND PRIX",
    "BAHRAIN GRAND PRIX": "GULF AIR BAHRAIN GRAND PRIX",
    "MELBOURNE GRAND PRIX": "ROLEX AUSTRALIAN GRAND PRIX",
    "MIAMI GRAND PRIX": "CYRPTO.COM MIAMI GRAND PRIX",
    "IMOLA GRAND PRIX": "EMILIA-ROMAGNA GRAND PRIX",
    "MONACO GRAND PRIX": "GRAND PRIX DE MONACO",
    "MARINA BAY GRAND PRIX": "SINGAPORE AIRLINE SINGAPORE GRAND PRIX",
    "MEXICO GRAND PRIX": "GRAN PREMIO DE LA CIUDAD DE MÉXICO",
    "LOSAIL GRAND PRIX": "QATAR AIRWAYS QATAR GRAND PRIX",
    "LAS VEGAS GRAND PRIX": "HEINEKEN SILVER LAS VEGAS GRAND PRIX",
    "January": "JAN",
    "February": "FEB",
    "March": "MAR",
    "April": "APR",
    "May": "MAJ",
    "June": "JUN",
    "July": "JUL",
    "August": "AUG",
    "September": "SEP",
    "October": "OKT",
    "November": "NOV",
    "December": "DEC",
    "RED BULL HONDA RBPT":"RED BULL HONDA RBPT",
    "FERRARI":"FERRARI",
    "MERCEDES":"MERCEDES",
    "ALPINE RENAULT":"ALPINE RENAULT",
    "McLAREN MERCEDES":"McLAREN MERCEDES",
    "ALFA ROMEO FERRARI":"ALFA ROMEO FERRARI",
    "ASTON MARTIN ARAMCO MERCEDES":"ASTON MARTIN ARAMCO MERCEDES",
    "HAAS FERRARI":"HAAS FERRARI",
    "ALPHATAURI HONDA RBPT":"ALPHATAURI HONDA RBPT",
    "WILLIAMS MERCEDES":"WILLIAMS MERCEDES",
    "RED BULL RACING":"RED BULL RACING",
    "MERCEDES-AMG":"MERCEDES-AMG",
    "ST": "A",
    "ND": "A",
    "RD": "E",
    "TH": "E",
    "1TH": "1A",
    "2TH": "2A",
    "3TH": "3E",
    "4TH": "4E",
    "5TH": "5E",
    "6TH": "6E",
    "7TH": "7E",
    "8TH": "8E",
    "9TH": "9E",
    "10TH": "10E",
    "11TH": "11E",
    "12TH": "12E",
    "13TH": "13E",
    "14TH": "14E",
    "15TH": "15E",
    "16TH": "16E",
    "17TH": "17E",
    "18TH": "18E",
    "19TH": "19E",
    "20TH": "20E",
    "21TH": "21A",
    "22TH": "22A",
    "23TH": "23E",
    "24TH": "24E",
    "25TH": "25E",
    "26TH": "26E",
    "27TH": "27E",
    "28TH": "28E",
    "29TH": "29E",
    "30TH": "30E",
    "RESERVE": "RESERV",
    "MAIN CLASSIFICATION": "RACE RESULTAT",
    "QUALIFICATION CLASSIFICATION": "KVAL RESULTAT",
    "DRIVERS' STANDINGS": "FÖRAR VM",
    "CONSTRUCTORS' STANDINGS": "KONSTRUKTÖRS VM",
    "Paul Ricard Grand Prix" : "French Grand Prix",
    "Austin Grand Prix" : "Lenovo United States Grand Prix",
    "Montreal Grand Prix" : "Peirelli Grand Prix du Canada",
    "Interlagos Grand Prix" : "Rolex Grande Premio de Sao Paulo",
    "Silverstone Grand Prix" : "Aramco British Grand Prix",
    "Hungaroring Grand Prix" : "Qatar Airways Hungarian Grand Prix",
    "Monza Grand Prix" : "Pirelli Gran Premio D'Italia",
    "Yas Marina Grand Prix" : "Etihad Airways Abu Dhabi Grand Prix",
    "Barcelona Grand Prix" : "AWS Gran Premio de España",
    "Suzuka Grand Prix" : "Lenovo Japanese Grand Prix",
    "Spielberg Grand Prix" : "Rolex Grosser Preis Von Österreich",
    "Zandvoort Grand Prix" : "Heineken Dutch Grand Prix",
    "Spa-Francorchamps Grand Prix" : "MSC Cruises Belgian Grand Prix",
    "Baku Grand Prix" : "Azerbaijan Grand Prix",
    "Jeddah Grand Prix" : "STC Saudi Arabian Grand Prix",
    "Shanghai Grand Prix" : "China Grand Prix",
    "Portimão Grand Prix" : "Portimão Grand Prix",
    "Bahrain Grand Prix": "Gulf Air Bahrain Grand Prix",
    "Melbourne Grand Prix": "Rolex Australian Grand Prix",
    "Miami Grand Prix": "Cyrpto.com Miami Grand Prix",
    "Imola Grand Prix": "Qatar Airways Gran Premio del Mae in Italy e Dell'Emilia-Romagna",
    "Monaco Grand Prix": "Grand Prix De Monaco",
    "Marina Bay Grand Prix": "Singapore Airline Singapore Grand Prix",
    "Mexico Grand Prix": "Gran Premio de la Ciudad de México",
    "Losail Grand Prix": "Qatar Airways Watar Grand Prix",
    "Las Vegas Grand Prix": "Heineken Silver Las Vegas Grand Prix",
    "PP": "PP",
    "WARNINGS": "WARNINGS",
    "STEWARDS": "STEWARDS",
    "POSITIONS": "POSITIONS",
    "GAME": "GAME",
    "PP-AT": "PP-AT",
    "WARNS-AT": "WARNS-AT",
    "First Grand Prix": "First Grand Prix",
    "Number of Laps": "Number of Laps",
    "Circuit Length": "Circuit Length",
    "Turns": "Turns",
    "Lap Record": "Lap Record",
    "Previous Fastest Lap": "Previous Fastest Lap",
    "FIAFrom": "Från",
    "FIADate": "Datum",
    "FIAReservist": "Reserv",
    "FIADriver": "Num / Förare",
    "FIANumberSeparator": "-",
    "FIACompetitor": "Tävlande",
    "FIASession": "Session",
    "FIAOffence" : "Förseelse",
    "FIAinvolvingdriver(s)": "Inkluderar förare",
    "FIAinturn": "i kurva",
    "FIAonlap": "på varv",
    "FIADecision": "Beslut",
    "FIADetails": "Detaljer",
    "FIAVerdict": "Beslut",
    "FIASignature": "Domarna",
    "FIATheStewards": "Domarna"
}