{
    "BlockRoot": {
        "Name": "mainStack",
        "BlockType": "stack",
        "Margin": "{MarginRoot}",
        "Orientation": "Vertical",
        "Items": [
            //header block
            {
                "Name": "headerBlock",
                "MarginBottom": "-15",
                "BlockType": "dock",
                "Orientation": "Horizontal",
                "Items": [
                    {
                        "BlockType": "component",
                        "ComponentName": "header_block_stats_official",
                        "ComponentOptions": {
                            "Vars": {
                                "fontsize0": "50",
                                "fontsize1": "80",
                                "source0": "{Season.Name, Converter=StringToUpperString} {Session.Track.CountryName, Converter=StringToUpperString}",
                                "source1": "{Statistics.Header, Converter=StringToUpperString}"
                            }
                        }
                    }
                ]
            },
            //table
            {
                "Name": "mainTable",
                "BlockType": "table",
                "Margin": "{MarginTable}",
                "TableOptions": {
                    "ItemsSource": "{Statistics.Drivers}",
                    "RowSpacing": 12,
                    "HeaderTemplate": {
                        "BlockType": "text",
                        "FontName": "{FontNameDefault}",
                        "FontSize": 30,
                        "Foreground": "{Black}",
                        "MarginBottom": 8,
                        "Triggers": [
                            {
                                "Condition": "{DarkTheme}",
                                "Property": "Foreground",
                                "Value": "{White}"
                            }
                        ]
                    },
                    "Columns": [
                        // //position
                        {
                            "Header": "",
                            "Template": {
                                "BlockType": "component",
                                "RenderIf": "{RenderPositions}",
                                "ComponentName": "columns",
                                "ComponentOptions": {
                                    "Vars": {
                                        "padding": "20, 0",
                                        "width": "60",
                                        "background": "171717",
                                        "source": "{Item.Position}",
                                        "font": "{FontBlack}",
                                        "foreground": "{White}",
                                        "fontsize": "52"
                                    }
                                }
                            }
                        },
                        {
                            "Header": "",
                            "Template": {
                                "BlockType": "component",
                                "ComponentName": "columns",
                                "RenderIf": "{DriverNumber}",
                                "ComponentOptions": {
                                    "Vars": {
                                        "padding": "20, 0",
                                        "width": "60",
                                        "background": "171717",
                                        "source": "{Item.Driver.RaceNumber}",
                                        "font": "{FontBlack}",
                                        "foreground": "{Item.Team.Color}",
                                        "fontsize": "52"
                                    }
                                },
                                "Triggers": [
                                    {
                                        "Condition": "{RenderPositions}",
                                        "Property": "MarginLeft",
                                        "Value": "10"
                                    },
                                    {
                                        "Condition": "{Item.Team.Name, Converter=EmptyObjectToTrue}",
                                        "Property": "Foreground",
                                        "Value": "{ReserveDriverNumberForeground}"
                                    }
                                ]
                            }
                        },
                        //driver line
                        {
                            "Header": "",
                            "MarginLeft": 0,
                            "Template": {
                                "BlockType": "component",
                                "ComponentName": "driver_line_cell_official",
                                "Triggers": [
                                    {
                                        "Condition": "{RenderPositions}",
                                        "Property": "MarginLeft",
                                        "Value": "10"
                                    },
                                    {
                                        "Condition": "{DriverNumber}",
                                        "Property": "MarginLeft",
                                        "Value": "10"
                                    }
                                ]
                            }
                        },
                        //column 0
                        {
                            "Header": "{Statistics.Column0.Header}",
                            "IsSeparator": "{Statistics.Column0.Type, Converter=EnumEquals, Parameter=Separator}",
                            "GroupId": "{Statistics.Column0.GroupId}",
                            "MarginLeft": 10,
                            "Template": {
                                "BlockType": "component",
                                "Name": "statist",
                                "ComponentOptions": {
                                    "ComponentName": "statistics_cell",
                                    "Vars": {
                                        "data": "Item.Value0"
                                    }
                                },
                                "Triggers": [
                                    {
                                        "Condition": "{DarkTheme}",
                                        "Property": "Background",
                                        "Value": "{White}"
                                    },
                                ]
                            }
                        },
                        //column 1
                        {
                            "Header": "{Statistics.Column1.Header}",
                            "IsSeparator": "{Statistics.Column1.Type, Converter=EnumEquals, Parameter=Separator}",
                            "GroupId": "{Statistics.Column1.GroupId}",
                            "MarginLeft": 10,
                            "Template": {
                                "BlockType": "component",
                                "Name": "statist",
                                "ComponentOptions": {
                                    "ComponentName": "statistics_cell",
                                    "Vars": {
                                        "data": "Item.Value1"
                                    }
                                },
                                "Triggers": [
                                    {
                                        "Condition": "{DarkTheme}",
                                        "Property": "Background",
                                        "Value": "{White}"
                                    },
                                ]
                            }
                        },
                        //column 2
                        {
                            "Header": "{Statistics.Column2.Header}",
                            "IsSeparator": "{Statistics.Column2.Type, Converter=EnumEquals, Parameter=Separator}",
                            "GroupId": "{Statistics.Column2.GroupId}",
                            "MarginLeft": 10,
                            "Template": {
                                "BlockType": "component",
                                "Name": "statist",
                                "ComponentOptions": {
                                    "ComponentName": "statistics_cell",
                                    "Vars": {
                                        "data": "Item.Value2"
                                    }
                                },
                                "Triggers": [
                                    {
                                        "Condition": "{DarkTheme}",
                                        "Property": "Background",
                                        "Value": "{White}"
                                    },
                                ]
                            }
                        },
                        //column 3
                        {
                            "Header": "{Statistics.Column3.Header}",
                            "IsSeparator": "{Statistics.Column3.Type, Converter=EnumEquals, Parameter=Separator}",
                            "GroupId": "{Statistics.Column3.GroupId}",
                            "MarginLeft": 10,
                            "Template": {
                                "BlockType": "component",
                                "Name": "statist",
                                "ComponentOptions": {
                                    "ComponentName": "statistics_cell",
                                    "Vars": {
                                        "data": "Item.Value3"
                                    }
                                },
                                "Triggers": [
                                    {
                                        "Condition": "{DarkTheme}",
                                        "Property": "Background",
                                        "Value": "{White}"
                                    },
                                ]
                            }
                        },
                        //column 4
                        {
                            "Header": "{Statistics.Column4.Header}",
                            "IsSeparator": "{Statistics.Column4.Type, Converter=EnumEquals, Parameter=Separator}",
                            "GroupId": "{Statistics.Column4.GroupId}",
                            "MarginLeft": 10,
                            "Template": {
                                "BlockType": "component",
                                "Name": "statist",
                                "ComponentOptions": {
                                    "ComponentName": "statistics_cell",
                                    "Vars": {
                                        "data": "Item.Value4"
                                    }
                                },
                                "Triggers": [
                                    {
                                        "Condition": "{DarkTheme}",
                                        "Property": "Background",
                                        "Value": "{White}"
                                    },
                                ]
                            }
                        },
                        //column 5
                        {
                            "Header": "{Statistics.Column5.Header}",
                            "IsSeparator": "{Statistics.Column5.Type, Converter=EnumEquals, Parameter=Separator}",
                            "GroupId": "{Statistics.Column5.GroupId}",
                            "MarginLeft": 10,
                            "Template": {
                                "BlockType": "component",
                                "Name": "statist",
                                "ComponentOptions": {
                                    "ComponentName": "statistics_cell",
                                    "Vars": {
                                        "data": "Item.Value5"
                                    }
                                }
                            }
                        },
                        //column 6
                        {
                            "Header": "{Statistics.Column6.Header}",
                            "IsSeparator": "{Statistics.Column6.Type, Converter=EnumEquals, Parameter=Separator}",
                            "GroupId": "{Statistics.Column6.GroupId}",
                            "MarginLeft": 10,
                            "Template": {
                                "BlockType": "component",
                                "Name": "statist",
                                "ComponentOptions": {
                                    "ComponentName": "statistics_cell",
                                    "Vars": {
                                        "data": "Item.Value6"
                                    }
                                }
                            }
                        },
                        //column 7
                        {
                            "Header": "{Statistics.Column7.Header}",
                            "IsSeparator": "{Statistics.Column7.Type, Converter=EnumEquals, Parameter=Separator}",
                            "GroupId": "{Statistics.Column7.GroupId}",
                            "MarginLeft": 10,
                            "Template": {
                                "BlockType": "component",
                                "Name": "statist",
                                "ComponentOptions": {
                                    "ComponentName": "statistics_cell",
                                    "Vars": {
                                        "data": "Item.Value7"
                                    }
                                }
                            }
                        },
                        //column 8
                        {
                            "Header": "{Statistics.Column8.Header}",
                            "IsSeparator": "{Statistics.Column8.Type, Converter=EnumEquals, Parameter=Separator}",
                            "GroupId": "{Statistics.Column8.GroupId}",
                            "MarginLeft": 10,
                            "Template": {
                                "BlockType": "component",
                                "Name": "statist",
                                "ComponentOptions": {
                                    "ComponentName": "statistics_cell",
                                    "Vars": {
                                        "data": "Item.Value8"
                                    }
                                }
                            }
                        },
                        //column 9
                        {
                            "Header": "{Statistics.Column9.Header}",
                            "IsSeparator": "{Statistics.Column9.Type, Converter=EnumEquals, Parameter=Separator}",
                            "GroupId": "{Statistics.Column9.GroupId}",
                            "MarginLeft": 10,
                            "Template": {
                                "BlockType": "component",
                                "Name": "statist",
                                "ComponentOptions": {
                                    "ComponentName": "statistics_cell",
                                    "Vars": {
                                        "data": "Item.Value9"
                                    }
                                }
                            }
                        },
                        //column 10
                        {
                            "Header": "{Statistics.Column10.Header}",
                            "IsSeparator": "{Statistics.Column10.Type, Converter=EnumEquals, Parameter=Separator}",
                            "GroupId": "{Statistics.Column10.GroupId}",
                            "MarginLeft": 10,
                            "Template": {
                                "BlockType": "component",
                                "Name": "statist",
                                "ComponentOptions": {
                                    "ComponentName": "statistics_cell",
                                    "Vars": {
                                        "data": "Item.Value10"
                                    }
                                }
                            }
                        },
                        //column 11
                        {
                            "Header": "{Statistics.Column11.Header}",
                            "IsSeparator": "{Statistics.Column11.Type, Converter=EnumEquals, Parameter=Separator}",
                            "GroupId": "{Statistics.Column11.GroupId}",
                            "MarginLeft": 10,
                            "Template": {
                                "BlockType": "component",
                                "Name": "statist",
                                "ComponentOptions": {
                                    "ComponentName": "statistics_cell",
                                    "Vars": {
                                        "data": "Item.Value11"
                                    }
                                }
                            }
                        }
                    ]
                }
            },
            //description
            {
                "BlockType": "dock",
                "RenderIf": "{StatisticsDescription}",
                "Width": "*",
                "Height": "*",
                "Margin": "0, 28, 0, 0",
                "HorizontalAlignment": "Left",
                "Spacing": 0,
                "Items": [
                    {
                        "BlockType": "text",
                        "Width": "*",
                        "Foreground": "{Black}",
                        "Height": "*",
                        "Source": "{Statistics.Description}",
                        "TextOptions": {
                            "FontSize": 16,
                            "Wrap": true,
                            "HorizontalAlignment": "Left"
                        },
                        "Triggers": [
                            {
                                "Condition": "{DarkTheme}",
                                "Property": "Foreground",
                                "Value": "{White}"
                            },
                            {
                                "Condition": "{Statistics.Description, Converter=EmptyObjectToTrue}",
                                "Property": "Width",
                                "Value": "1360"
                            },
                            {
                                "Condition": "{Statistics.Header, Converter=StringEquals, Parameter=pure race pace}",
                                "Property": "Height",
                                "Value": "150"
                            },
                            {
                                "Condition": "{Statistics.Header, Converter=StringEquals, Parameter=consistency rating}",
                                "Property": "Height",
                                "Value": "150"
                            },
                            {
                                "Condition": "{Statistics.Header, Converter=StringEquals, Parameter=attack rating}",
                                "Property": "Height",
                                "Value": "76"
                            },
                            {
                                "Condition": "{Statistics.Header, Converter=StringEquals, Parameter=defense rating}",
                                "Property": "Height",
                                "Value": "76"
                            },
                            {
                                "Condition": "{Statistics.Header, Converter=StringEquals, Parameter=top battles}",
                                "Property": "Height",
                                "Value": "95"
                            },
                            {
                                "Condition": "{Statistics.Header, Converter=StringEquals, Parameter=longest stints}",
                                "Property": "Height",
                                "Value": "34"
                            }
                        ]
                    }
                ]
            }
        ]
    }
}
