{
    "TW-Bl":"TitilliumWeb-Black",
    "TW-Bo":"TitilliumWeb-Bold",
    "TW-Boi":"TitilliumWeb-BoldItalic",
    "TW-El":"TitilliumWeb-ExtraLight",
    "TW-Eli":"TitilliumWeb-ExtraLightItalic",
    "TW-I":"TitilliumWeb-Italic",
    "TW-L":"TitilliumWeb-Light",
    "TW-Li":"TitilliumWeb-LightItalic",
    "TW-Sb":"TitilliumWeb-SemiBold",
    "TW-SbI":"TitilliumWeb-SemiBoldItalic",
    "TW-Re":"TitilliumWeb-Regular",
    "RightPartEffectColor" : "#F2F2F2",
    "RightPartEffectColorOdd" : "#B2B2B2",
    "ForeWhite" : "#ffffff",
    "TableCellFontSize" : 45,
    "TableCellFontMarginTop" : 3,
    "MostOfMarginTop" : 10,
    "MostOfFontSize" : 45
}