{
    "BlockRoot": {
        "Name": "mainStack",
        "BlockType": "stack",
        "Margin": "{MarginRoot}",       
        "Orientation": "Vertical",
        "Items": [
            {
                "BlockType" : "component",
                "ComponentName" : "header_block",
                "ComponentOptions" : {
                    "Vars" : {
                        "headerlefttext" : "{Season.LeagueInfo.LeagueShortName, Converter=StringToUpperString}  ·  {Season.Name, Converter=StringToUpperString}  [LINE-UP]"
                    }
                }
            },
            {
                "BlockType" : "component",
                "ComponentName" : "separator"
            },
            {
                "Name": "mainTable",
                "BlockType": "table",
                "Margin": "{MarginTable}",
                "TableOptions": {
                    "ItemsSource": "{Lineups.Lineups}",
                    "RowSpacing": 16,
                    "ColSpacing": 8,
                    "HeaderTemplate": {
                        "BlockType": "text",
                        "MarginBottom": 8,
                        "TextOptionsExtern" : "tableHeader",
                        "TextAlignment" : "Center"
                    },
                    "Columns": [
                        {
                            "Header": "",                           
                            "Template": {
                                "BlockType" : "component",
                                "ComponentName" : "team_cell",
                                "MarginLeft" : 25,
                                "ComponentOptions" :{
                                    "Vars" :{
                                        "MarginRight" : "",
                                        "RenderIf" : "{RenderTeamBadgesOnOtherLayouts}"
                                    }
                                }
                            }
                        },
                        {
                            "Header": "",
                            "MarginLeft" : 50,
                            "MarginRight" : 24, 
                            "Template": {
                                "BlockType" : "component",
                                "ComponentName" : "driver_cell",
                                "RenderIf": "{Item.IsDriverSet}"
                            }
                            
                        },
                        {
                            "Header": "[RACES]",
                            "Template":
                            {
                                "BlockType": "text",
                                "Source": "{Item.DriverRaces}",
                                "RenderIf": "{Item.IsDriverSet}",
                                "Width": 55,
                                "TextOptions":{
                                    "HorizontalAlignment" : "Center"
                                }
                            }
                        }                                          
                    ]
                }
            },
            {
                "BlockType" : "component",
                "ComponentName" : "bg_footer"
            }
        ]
    }
}
