{
    "BlockRoot": {
        "Name": "root",
        "BlockType": "dock",
        "Orientation": "Vertical",
        "Items": [
            {
                "BlockType": "image",
                "RenderIf": "{DarkTheme}",
                "Source": "bg_cal_dark.png",
                "Triggers": [
                    {
                        "Condition": "{PlainBackground}",
                        "Property": "Source",
                        "Value": "bg2.png"
                    }
                ],
            },
            {
                "BlockType": "image",
                "RenderIf": "{DarkTheme, Converter=BoolReverse}",
                "Source": "bg_cal_light.png",
                "Triggers": [
                    {
                        "Condition": "{PlainBackground}",
                        "Property": "Source",
                        "Value": "bg1.png"
                    }
                ],
            }
        ],
    }
}