{
    "BlockType": "dock",
    "RenderIf": "<renderif>",
    "BackgroundImage": "images/team/gridbg.png",
    "MarginBottom": 35,
    "Triggers": [
        {
            "Condition": "<renderif>",
            "Setters": [
                {
                    "Property": "Height",
                    "Value": 64
                },
                {
                    "Property": "Width",
                    "Value": "{TheGridPositionLength}"
                }
            ]
        }
    ],
    "ColorizeBackground": {
        "Enabled": true,
        "Color": "{Item.Team.Color}",
        "BlendPercentage": 100
    },
    "Items": [
        {
            "BlockType": "stack",
            "HorizontalAlignment": "Left",
            "VerticalAlignment": "Center",
            "Items": [
                {
                    "BlockType": "text",
                    "Width": 160,
                    "Height": 65,
                    "MarginRight": 20,
                    "Source": "[{Item.Position}TH]",
                    "HorizontalAlignment": "Center",
                    "VerticalAlignment": "Center",
                    "Foreground": "{Black}",
                    "Background": "{White}",
                    "TextOptionsExtern": "tableCellBold",
                    "TextOptions": {
                        "FontSize": 34,
                        "HorizontalAlignment": "Center"
                    },
                    "Triggers": [
                        {
                            "Condition": "{DarkTheme, Converter=BoolReverse}",
                            "Property": "Foreground",
                            "Value": "{White}"
                        },
                        {
                            "Condition": "{DarkTheme, Converter=BoolReverse}",
                            "Property": "Background",
                            "Value": "{Black}"
                        }
                    ]
                },
                {
                    "BlockType": "text",
                    "Source": "{Item.Driver.Name, Converter=StringToUpperString}",
                    "HorizontalAlignment": "Left",
                    "VerticalAlignment": "Center",
                    "FontSize": "{FontSizeOnOfficialRenders}",
                    "Foreground": "{White}",
                    "FontName": "{Formula1-Black}",
                    "Triggers": [
                        {
                            "Condition": "{RealNameOnRenders}",
                            "Property": "Source",
                            "Value": "{Item.Driver.RealName, Converter=StringToUpperString}"
                        },
                        {
                            "Condition": "{InGameNameOnRenders}",
                            "Property": "Source",
                            "Value": "{Item.Driver.InGameName, Converter=StringToUpperString}"
                        },
                        {
                            "Condition": "{SwitchNameFields}",
                            "Property": "Source",
                            "Value": "{Item.Driver.RealName, Converter=StringToUpperString}"
                        },
                        {
                            "Condition": "{Item.Team.Name, Converter=StringEquals, Parameter=mercedes}",
                            "Property": "Foreground",
                            "Value": "{Black}"
                        },
                        {
                            "Condition": "{Item.Team.Name, Converter=StringEquals, Parameter=ferrari}",
                            "Property": "Foreground",
                            "Value": "{Black}"
                        },
                        {
                            "Condition": "{Item.Team.Name, Converter=StringEquals, Parameter=haas}",
                            "Property": "Foreground",
                            "Value": "{Black}"
                        },
                        {
                            "Condition": "{Item.Team.Name, Converter=StringEquals, Parameter=art}",
                            "Property": "Foreground",
                            "Value": "{Black}"
                        },
                        {
                            "Condition": "{Item.Team.Name, Converter=StringEquals, Parameter=virtuosi}",
                            "Property": "Foreground",
                            "Value": "{Black}"
                        },
                        {
                            "Condition": "{Item.Team.Name, Converter=StringEquals, Parameter=renault}",
                            "Property": "Foreground",
                            "Value": "{Black}"
                        },
                        {
                            "Condition": "{Item.Team.Name, Converter=StringEquals, Parameter=prema}",
                            "Property": "Foreground",
                            "Value": "{Black}"
                        }
                    ]
                },
                {
                    "BlockType": "text",
                    "RenderIf": "{FullNameOnRenders}",
                    "Source": " {Item.Driver.RealName, Converter=StringToUpperString}",
                    "HorizontalAlignment": "Left",
                    "VerticalAlignment": "Center",
                    "FontSize": "{FontSizeOnOfficialRenders}",
                    "TextOptionsExtern": "tableCellBold",
                    "Foreground": "{White}",
                    "FontName": "{Formula1-Black}",
                    "Triggers": [
                        {
                            "Condition": "{SwitchNameFields}",
                            "Property": "Source",
                            "Value": " {Item.Driver.Name, Converter=StringToUpperString}"
                        },
                        {
                            "Condition": "{Item.Team.Name, Converter=StringEquals, Parameter=mercedes}",
                            "Property": "Foreground",
                            "Value": "{Black}"
                        },
                        {
                            "Condition": "{Item.Team.Name, Converter=StringEquals, Parameter=ferrari}",
                            "Property": "Foreground",
                            "Value": "{Black}"
                        },
                        {
                            "Condition": "{Item.Team.Name, Converter=StringEquals, Parameter=haas}",
                            "Property": "Foreground",
                            "Value": "{Black}"
                        },
                        {
                            "Condition": "{Item.Team.Name, Converter=StringEquals, Parameter=art}",
                            "Property": "Foreground",
                            "Value": "{Black}"
                        },
                        {
                            "Condition": "{Item.Team.Name, Converter=StringEquals, Parameter=virtuosi}",
                            "Property": "Foreground",
                            "Value": "{Black}"
                        },
                        {
                            "Condition": "{Item.Team.Name, Converter=StringEquals, Parameter=renault}",
                            "Property": "Foreground",
                            "Value": "{Black}"
                        },
                        {
                            "Condition": "{Item.Team.Name, Converter=StringEquals, Parameter=prema}",
                            "Property": "Foreground",
                            "Value": "{Black}"
                        }
                    ]
                }
            ]
        },
        {
            "BlockType": "stack",
            "HorizontalAlignment": "Right",
            "MarginLeft": 20,
            "VerticalAlignment": "Center",
            "Items": [
                {
                    "BlockType": "image",
                    "Height": 240,
                    "VerticalAlignment": "Center",
                    "ImageOptions": {
                        "Path": "images/logos/{Item.Team.Name}.png",
                        "VerticalAlignment": "Center"
                    },
                    "Triggers": [
                        {
                            "Condition": "{Item.Team.Name, Converter=StringEquals, Parameter=red bull}",
                            "Setters": [
                                {
                                    "Property": "Margin",
                                    "Value": "0,-6,15,0"
                                },
                                {
                                    "Property": "Height",
                                    "Value": "235"
                                }
                            ]
                        },
                        {
                            "Condition": "{Item.Team.Name, Converter=StringEquals, Parameter=ferrari}",
                            "Setters": [
                                {
                                    "Property": "Margin",
                                    "Value": "0,20,43,0"
                                },
                                {
                                    "Property": "Height",
                                    "Value": "180"
                                }
                            ]
                        },
                        {
                            "Condition": "{Item.Team.Name, Converter=StringEquals, Parameter=mercedes}",
                            "Setters": [
                                {
                                    "Property": "Margin",
                                    "Value": "0,1,41,0"
                                },
                                {
                                    "Property": "Height",
                                    "Value": "185"
                                }
                            ]
                        },
                        {
                            "Condition": "{Item.Team.Name, Converter=StringEquals, Parameter=alpine}",
                            "Setters": [
                                {
                                    "Property": "Margin",
                                    "Value": "0,-4,39,0"
                                },
                                {
                                    "Property": "Height",
                                    "Value": "185"
                                },
                                {
                                    "Property": "Source",
                                    "Value": "images/logos/alpine.white"
                                }
                            ]
                        },
                        {
                            "Condition": "{Item.Team.Name, Converter=StringEquals, Parameter=mclaren}",
                            "Setters": [
                                {
                                    "Property": "Margin",
                                    "Value": "0,0,-2,0"
                                },
                                {
                                    "Property": "Height",
                                    "Value": "270"
                                },
                                {
                                    "Property": "Source",
                                    "Value": "images/logos/{Item.Team.Name}.white.png"
                                }
                            ]
                        },
                        {
                            "Condition": "{Item.Team.Name, Converter=StringEquals, Parameter=alfa romeo}",
                            "Setters": [
                                {
                                    "Property": "Margin",
                                    "Value": "0,35,42,0"
                                },
                                {
                                    "Property": "Height",
                                    "Value": "182"
                                }
                            ]
                        },
                        {
                            "Condition": "{Item.Team.Name, Converter=StringEquals, Parameter=aston martin}",
                            "Setters": [
                                {
                                    "Property": "Margin",
                                    "Value": "0,-2,-23,0"
                                },
                                {
                                    "Property": "Height",
                                    "Value": "310"
                                },
                                {
                                    "Property": "Source",
                                    "Value": "images/logos/{Item.Team.Name}.white"
                                }
                            ]
                        },
                        {
                            "Condition": "{Item.Team.Name, Converter=StringEquals, Parameter=haas}",
                            "Setters": [
                                {
                                    "Property": "Margin",
                                    "Value": "0,0,44,0"
                                },
                                {
                                    "Property": "Height",
                                    "Value": "182"
                                }
                            ]
                        },
                        {
                            "Condition": "{Item.Team.Name, Converter=StringEquals, Parameter=alphatauri}",
                            "Setters": [
                                {
                                    "Property": "Margin",
                                    "Value": "0,-3,27,0"
                                },
                                {
                                    "Property": "Height",
                                    "Value": "215"
                                }
                            ]
                        },
                        {
                            "Condition": "{Item.Team.Name, Converter=StringEquals, Parameter=williams}",
                            "Setters": [
                                {
                                    "Property": "Margin",
                                    "Value": "0,0,12,0"
                                },
                                {
                                    "Property": "Height",
                                    "Value": "240"
                                },
                                {
                                    "Property": "Source",
                                    "Value": "images/logos/williams.light"
                                }
                            ]
                        }
                    ]
                }
            ]
        }
    ]
}