{
    "BlockType": "stack",
    "Witdh": "*",
    "MarginRight": 12,
    "MarginLeft": 12,
    "Orientation": "Vertical",
    "Items": [
        {
            "BlockType": "dock",
            "Orientation": "Horizontal",
            "VerticalAlignment": "Center",
            "Width": "auto",
            "Height": 160,
            "MarginTop": 0,
            "MarginBottom": -32,
            "Padding": "0, 0",
            "Items": [
                {
                    "BlockType": "stack",
                    "Width": 160,
                    "Orientation": "Vertical",
                    "MarginRight": 0,
                    "Padding": "0, 0",
                    "Items": [
                        {
                            "BlockType": "dock",
                            "Orientation": "Horizontal",
                            "Width": "",
                            "Height": 125,
                            "Items": [
                                {
                                    "BlockType": "text",
                                    "Padding": "80, 40",
                                    "Source": "R{Item.Position, Converter=NumberSubtract, Parameter=0}",
                                    "HorizontalAlignment": "Center",
                                    "VerticalAlignment": "Center",
                                    "FontName": "{Formula1-Black}",
                                    "Foreground": "{White}",
                                    "FontSize": 56,
                                    "Background": "EE0000",
                                    "Triggers": [
                                        {
                                            "Condition": "{Item.IsChampionshipStatus, Converter=BoolReverse}",
                                            "Setters": [
                                                {
                                                    "Property": "Source",
                                                    "Value": "R0"
                                                }
                                            ]
                                        }
                                    ],
                                    "TextOptions": {
                                        "HorizontalAlignment": "Center"
                                    }
                                },
                            ]
                        },
                    ]
                },
                {
                    "BlockType": "stack",
                    "MarginTop": -18,
                    "PaddingLeft": 24,
                    "PaddingRight": 24,
                    "PaddingTop": 15,
                    "PaddingBottom": 12,
                    "HorizontalAlignment": "Left",
                    "VerticalAlignment": "Center",
                    "Background": "#1F1F1F",
                    "Triggers": [
                        {
                            "Condition": "{DarkTheme}",
                            "Setters": [
                                {
                                    "Property": "Background",
                                    "Value": "{White}"
                                },
                                {
                                    "Property": "PaddingTop",
                                    "Value": "27"
                                },
                                {
                                    "Property": "PaddingBottom",
                                    "Value": "28"
                                },
                                {
                                    "Property": "PaddingLeft",
                                    "Value": "24"
                                },
                                {
                                    "Property": "PaddingRight",
                                    "Value": "24"
                                }
                            ]
                        }
                    ],
                    "Items": [
                        //flag
                        {
                            "BlockType": "image",
                            "Height": 100,
                            "Width": 110,
                            "PaddingTop": 0,
                            "PaddingBottom": 0,
                            "MarginBottom": 0,
                            "VerticalAlignment": "Center",
                            "ImageOptions": {
                                "Path": "{Item.Track.Nation.LogoPath}",
                                "VerticalAlignment": "Center"
                            },
                            "Triggers": [
                                {
                                    "Condition": "{DarkTheme}",
                                    "Setters": [
                                        {
                                            "Property": "PaddingTop",
                                            "Value": "-15"
                                        },
                                        {
                                            "Property": "PaddingBottom",
                                            "Value": "-15"
                                        },
                                        {
                                            "Property": "PaddingLeft",
                                            "Value": "2"
                                        },
                                        {
                                            "Property": "PaddingRight",
                                            "Value": "2"
                                        },
                                        {
                                            "Property": "Background",
                                            "Value": "{Black}"
                                        }
                                    ]
                                }
                            ]
                        }
                    ]
                },
                {
                    "WidthStretch": true,
                    "BlockType": "stack",
                    "Background": "#1F1F1F",
                    "Width": "*",
                    "Orientation": "Vertical",
                    "Triggers": [
                        {
                            "Condition": "{DarkTheme}",
                            "Setters": [
                                {
                                    "Property": "Background",
                                    "Value": "{White}"
                                }
                            ]
                        }
                    ],
                    "Items": [
                        {
                            "BlockType": "text",
                            "Foreground": "{White}",
                            "Orientation": "Vertical",
                            "FontName": "{Formula1-Italic}",
                            "VerticalAlignment": "Center",
                            "FontSize": 24,
                            "MarginTop": 12,
                            "Source": "{Item.Date, Converter=DateToDayOfMonth} [{Item.Date, Converter=DateToMonthInWords}]",
                            "Triggers": [
                                {
                                    "Condition": "{DarkTheme}",
                                    "Setters": [
                                        {
                                            "Property": "Foreground",
                                            "Value": "{Black}"
                                        }
                                    ]
                                }
                            ]
                        },
                        {
                            "BlockType": "dock",
                            "Orientation": "Horizontal",
                            "Width": "*",
                            "Items": [
                                {
                                    "BlockType": "text",
                                    "MarginTop": 0,
                                    "Foreground": "EE0000",
                                    "HorizontalAlignment": "Left",
                                    "FontName": "{Formula1-Black}",
                                    "FontSize": 32,
                                    "Source": "[{Item.Track.CountryName, converter=StringToUpperString}]",
                                    "Triggers": [
                                        {
                                            "Condition": "{Item.IsChampionshipStatus, Converter=BoolReverse}",
                                            "Setters": [
                                                {
                                                    "Property": "Source",
                                                    "Value": "PRE-SEASON"
                                                }
                                            ]
                                        }
                                    ]
                                },
                            ]
                        },
                        {
                            "BlockType": "dock",
                            "Orientation": "Horizontal",
                            "Width": "*",
                            "Items": [
                                {
                                    "BlockType": "text",
                                    "Foreground": "{White}",
                                    "MarginBottom": 16,
                                    "HorizontalAlignment": "Left",
                                    "FontName": "{FontNameBold}",
                                    "FontSize": 24,
                                    "Source": "[{Item.Track.LocationName, Converter=StringToUpperString}]",
                                    "Triggers": [
                                        {
                                            "Condition": "{DarkTheme}",
                                            "Setters": [
                                                {
                                                    "Property": "Foreground",
                                                    "Value": "{Black}"
                                                }
                                            ]
                                        }
                                    ],
                                },
                            ]
                        }
                    ]
                },
                {
                    "BlockType": "itemstack",
                    "Background": "#1F1F1F",
                    "Orientation": "Horizontal",
                    "HorizontalAlignment": "Right",
                    "ItemStackOptions": {
                        "ItemSource": "{Item.Races}",
                        "Template": {
                            "BlockType": "image",
                            "Height": 125,
                            "Width": 36,
                            "Source": "images/sprint.png",
                            "HorizontalAlignment": "Right",
                            "FontName": "{Formula1-Bold}",
                            "RenderIf": "{Item.RaceType, converter=StringEquals, parameter=Sprint}",
                            "Triggers": [
                                {
                                    "Condition": "{DarkTheme}",
                                    "Setters": [
                                        {
                                            "Property": "Source",
                                            "Value": "images/sprint_.png"
                                        }
                                    ]
                                }
                            ],
                        }
                    }
                }
            ]
        },
        {
            "BlockType": "shape",
            "Opacity": 0,
            "Width": 700,
            "Height": 1,
            "RenderIf": "{DarkTheme}",
            "ShapeOptions": {
                "ShapeType": "rectangle",
                "Fill": "#101010"
            }
        },
        {
            "BlockType": "shape",
            "Opacity": 0,
            "Width": 700,
            "Height": 1,
            "RenderIf": "{DarkTheme, Converter=BoolReverse}",
            "ShapeOptions": {
                "ShapeType": "rectangle",
                "Fill": "#E9E9EB"
            }
        }
    ]
}