{
    "BlockType" : "stack",
    "Witdh" : "*",
    "MarginRight": 12,
    "MarginLeft": 12,
    "Orientation" : "Horizontal",
    "Items" : [
        {
            "BlockType" : "dock",
            "Orientation" : "Horizontal",
            "VerticalAlignment": "Center",
            "Width" : "700",
            "Height" : 160,
            "MarginTop" : 0,
            "MarginBottom" : -20,
            "Items" : [
                {
                                "BlockType": "stack",
                                "MarginTop": -18,
                                "PaddingLeft": 24,
                                "PaddingRight": 24,
                                "PaddingTop": 15,
                                "PaddingBottom": 12,
                                "HorizontalAlignment": "Left",
                                "VerticalAlignment": "Center",
                                "Background": "#1F1F1F"
                        },
                {
                    "BlockType" : "stack",
                    "Width" : "*",
                    "Orientation" : "Vertical",
                    "Items" : [
                        {
                            "BlockType": "text",
                            "Foreground" : "{Black}",
                            "Orientation" : "Vertical",
                            "FontName" : "{Formula1-Regular}",
                            "VerticalAlignment": "Center",
                            "FontSize" : 20,
                            "MarginTop" : 12,
                            "Source" : "[<title0>]",
                            "Triggers":[
                                    {
                                        "Condition":"{DarkTheme}",
                                        "Setters":[
                                            {
                                                "Property": "Foreground",
                                                "Value": "{Black}"
                                            }
                                        ]
                                    },
                                ],
                        },
                        {
                            "BlockType" : "dock",
                            "Orientation" : "Horizontal",
                            "Width" : "*",
                            "Items" : [
                                {
                                    "BlockType": "text",
                                    "MarginTop" : 0,
                                    "Foreground" : "{Black}",
                                    "HorizontalAlignment": "Left",
                                    "FontName" : "{Formula1-Bold}",
                                    "FontSize" : 72,
                                    "Source" : "[<info0>]",
                                },    
                                {
                                    "BlockType": "text",
                                    "MarginBottom" : 15,
                                    "Foreground" : "{Black}",
                                    "HorizontalAlignment": "Left",
                                    "VerticalAlignment": "Bottom",
                                    "FontName" : "{Formula1-Regular}",
                                    "FontSize" : 20,
                                    "Source" : "<info00>",
                                },
                            ]
                        },

                    ]          
                },
                        {
                            "BlockType" : "stack",
                            "Orientation" : "Vertical",
                            "HorizontalAlignment": "Center",
                            "MarginLeft" : -200,
                            "Width" : "0",
                            "Items" : [
                                {
                                    "BlockType": "image",
                                    "HorizontalAlignment": "Center",
                                    "MarginTop" : 0,
                                    "Height" : 121,
                                    "Width" : 0,
                                    "Source" : "images/Tracks/seperater.png",
                                },       
                            ]
                        },
                   ]
               },
        {
            "BlockType" : "dock",
            "Orientation" : "Horizontal",
            "VerticalAlignment": "Center",
            "Width" : "700",
            "Height" : 160,
            "MarginLeft": -317,
            "MarginBottom" : -20,
            "Padding": "0, 0",
            "Items" : [
                {
                                "BlockType": "stack",
                                "MarginTop": -18,
                                "PaddingLeft": 24,
                                "PaddingRight": 24,
                                "PaddingTop": 15,
                                "PaddingBottom": 12,
                                "HorizontalAlignment": "Left",
                                "VerticalAlignment": "Center",
                                "Background": "#1F1F1F"
                        },
                {
                    "WidthStretch": true,
                    "BlockType" : "stack",
                    "Width" : "0",
                    "Orientation" : "Vertical",
                    "Items" : [
                        {
                            "BlockType": "text",
                            "Foreground" : "{Black}",
                            "Orientation" : "Vertical",
                            "FontName" : "{Formula1-Regular}",
                            "VerticalAlignment": "Center",
                            "FontSize" : 20,
                            "MarginTop" : 12,
                            "Source" : "[<title1>]"
                        },
                        {
                            "BlockType" : "dock",
                            "Orientation" : "Horizontal",
                            "Width" : "*",
                            "Items" : [
                                {
                                    "BlockType": "text",
                                    "MarginTop" : 0,
                                    "Foreground" : "{Black}",
                                    "HorizontalAlignment": "Left",
                                    "FontName" : "{Formula1-Bold}",
                                    "FontSize" : 72,
                                    "Source" : "[<info1>]",
                                },    
                                {
                                    "BlockType": "text",
                                    "MarginBottom" : 15,
                                    "Foreground" : "{Black}",
                                    "HorizontalAlignment": "Left",
                                    "VerticalAlignment": "Bottom",
                                    "FontName" : "{Formula1-Regular}",
                                    "FontSize" : 20,
                                    "Source" : "[<info11>]",
                                },
                            ]
                        },

                    ]          
                },
                        {
                            "BlockType" : "stack",
                            "Orientation" : "Vertical",
                            "HorizontalAlignment": "Center",
                            "MarginLeft" : -200,
                            "Width" : 0,
                            "Items" : [
                                {
                                    "BlockType": "image",
                                    "HorizontalAlignment": "Center",
                                    "MarginTop" : 0,
                                    "Height" : 121,
                                    "Width" : 0,
                                    "Source" : "images/Tracks/seperater.png",
                                },       
                            ]
                        },
                   ]
               },
{
            "BlockType" : "shape",
            "Opacity": 0,
            "Width" : 600,
            "Height" : 1,
            "RenderIf": "{DarkTheme}",
            "ShapeOptions" : {
                "ShapeType" : "rectangle",
                "Fill" : "#101010"
            },
        },
         {
            "BlockType" : "shape",
            "Opacity": 0,
            "Width" : 600,
            "Height" : 1,
            "RenderIf": "{DarkTheme, Converter=BoolReverse}",
            "ShapeOptions" : {
                "ShapeType" : "rectangle",
                "Fill" : "#E9E9EB"
            },
        }
    ]
}