{
    "Name": "mainStack",
    "BlockType": "stack",
    "Margin": "{MarginRoot}",
    "Orientation": "Vertical",
    "Items": [
        {
            "BlockType": "stack",
            "Orientation": "Horizontal",
            "HorizontalAlignment": "Center",
            "Items": [
                {
                    "BlockType": "stack",
                    "Orientation": "Horizontal",
                    "HorizontalAlignment": "Center",
                    "Margin": "{MarginTable}",
                    "Items": [
                        {
                            "BlockType": "image",
                            "Source": "images/grid/thegrid.png",
                            "MarginRight": 40,
                            "Height": 18,
                            "Width": 145,
                            "Height": "{NumberOfDriversForGrid}",
                            "Triggers": [
                                {
                                    "Condition": "{DarkTheme, Converter=BoolReverse}",
                                    "Property": "Source",
                                    "Value": "images/grid/thegriddark.png"
                                }
                            ]
                        },
                        {
                            "BlockType": "image",
                            "Source": "images/grid/track_{Session.Track.CircuitName}.png",
                            "MarginRight": 30,
                            "Height": 36,
                            "Width": 70,
                            "Height": "{NumberOfDriversForGrid}",
                            "Triggers": [
                                {
                                    "Condition": "{DarkTheme, Converter=BoolReverse}",
                                    "Property": "Source",
                                    "Value": "images/grid/track_{Session.Track.CircuitName}dark.png"
                                }
                            ]
                        },
                        {
                            "BlockType": "stack",
                            "MarginTop": 30,
                            "Orientation": "Horizontal",
                            "Items": [
                                {
                                    "BlockType": "itemstack",
                                    "Orientation": "Vertical",
                                    "ItemStackOptions": {
                                        "ItemSource": "{Session.Drivers}",
                                        "Template": {
                                            "BlockType": "component",
                                            "ComponentOptions": {
                                                "ComponentName": "driver_line_grid",
                                                "Vars": {
                                                    "renderif": "{Item.Position, Converter=NumberIsOdd}"
                                                }
                                            }
                                        }
                                    }
                                }
                            ]
                        },
                        {
                            "BlockType": "stack",
                            "Orientation": "Vertical",
                            "MarginLeft": 45,
                            "Items": [
                                {
                                    "BlockType": "text",
                                    "Source": "[STARTING GRID]",
                                    "FontSize": 45,
                                    "Foreground": "{White}",
                                    "HorizontalAlignment": "Right",
                                    "VerticalAlignment": "Center",
                                    "FontName": "{Formula1-Black}",
                                    "TextOptions": {
                                        "HorizontalAlignment": "Center"
                                    },
                                    "Triggers": [
                                        {
                                            "Condition": "{DarkTheme, Converter=BoolReverse}",
                                            "Property": "Foreground",
                                            "Value": "{Black}"
                                        }
                                    ]
                                },
                                {
                                    "BlockType": "itemstack",
                                    "Orientation": "Vertical",
                                    "ItemStackOptions": {
                                        "ItemSource": "{Session.Drivers}",
                                        "Template": {
                                            "BlockType": "component",
                                            "ComponentOptions": {
                                                "ComponentName": "driver_line_grid",
                                                "Vars": {
                                                    "renderif": "{Item.Position, Converter=NumberIsEven}"
                                                }
                                            }
                                        }
                                    }
                                }
                            ]
                        }
                    ]
                }
            ]
        }
    ]
}