{
    "Name": "headerBlock",
    "BlockType": "dock",
    "Orientation": "Horizontal",
    "Background": "{HeaderDefault}",
    "Items": [
        //headerLeft
        {
            "Name": "headerLeftPart",
            "BlockType": "stack",
            "Orientation": "Vertical",
            "Items": [
                //league name
                {
                    "BlockType": "stack",
                    "VerticalAlignment": "Center",
                    "Items": [
                        {
                            "BlockType": "text",
                            "VerticalAlignment": "Center",
                            "Source": "{Season.LeagueInfo.LeagueShortName, Converter=StringToUpperString} {Season.Name, Converter=StringToUpperString} [{Session.Track.CircuitName, Converter=StringToUpperString} GRAND PRIX] 2023",
                            "FontName": "{Formula1-Black}",
                            "FontSize": 40,
                            "Foreground": "{White}"
                        }
                    ]
                },
                //session
                {
                    "Name": "headerSessionLine",
                    "BlockType": "stack",
                    "VerticalAlignment": "Center",
                    "Spacing": 0,
                    "Items": [
                        {
                            "BlockType": "text",
                            "VerticalAlignment": "Center",
                            "PaddingTop": 8,
                            "Source": "[{Session.Track.LocationName, Converter=StringToUpperString}] [PIT STOPS]",
                            "FontName": "{FontNameBold}",
                            "FontSize": 70,
                            "Foreground": "{Foregroundwhithe}"
                        }
                    ]
                }
            ]
        },
        //headerRight
        {
            "Name": "headerRightPart",
            "BlockType": "stack",
            "MarginLeft": 56,
            "Orientation": "Vertical",
            "HorizontalAlignment": "Right",
            "Items": [
                {
                    "BlockType": "stack",
                    "Items": [
                        {
                            "Name": "leagueLogo",
                            "BlockType": "image",
                            "Height": "{LogoSize}",
                            "Margin": "0, 0, 0, 0",
                            "Source": "{Season.LeagueInfo.LeagueLogo}"
                        }
                    ]
                }
            ]
        }
    ]
}