{
    "Name": "headerBlock",
    "BlockType": "dock",
    "Orientation": "Horizontal",
    "Background": "{HeaderDefault}",
    "Items": [
        //headerLeft
        {
            "Name": "headerLeftPart",
            "BlockType": "stack",
            "Orientation": "Vertical",
            "Items": [
                //league name
                {
                    "BlockType": "stack",
                    "VerticalAlignment": "Center",
                    "Items": [
                        {
                            "BlockType": "text",
                            "VerticalAlignment": "Center",
                            "Source": "{Season.LeagueInfo.LeagueShortName, Converter=StringToUpperString} {Season.Name, Converter=StringToUpperString} [{Session.Track.CircuitName, Converter=StringToUpperString} GRAND PRIX] 2023",
                            "FontName": "{Formula1-Black}",
                            "FontSize": 40,
                            "Foreground": "{White}"
                        },
                    ]
                },
                //session
                {
                    "Name": "headerSessionLine",
                    "BlockType": "stack",
                    "VerticalAlignment": "Center",
                    "Items": [
                        {
                            "BlockType": "text",
                            "PaddingTop": 8,
                            "VerticalAlignment": "Center",
                            "Source": "[{Session.SessionType, Converter=StringToUpperString} CLASSIFICATION]",
                            "FontName": "{FontNameBold}",
                            "FontSize": 70,
                            "Triggers": [
                                {
                                    "Condition": "{Session.SessionType, Converter=StringEquals, Parameter=race}",
                                    "Setters": [
                                        {
                                            "Property": "Source",
                                            "Value": "[{Session.RaceType, Converter=StringToUpperString} CLASSIFICATION]"
                                        }
                                    ]
                                }
                            ]
                        }
                    ]
                }
            ]
        },
        //headerRight
        {
            "Name": "headerRightPart",
            "BlockType": "stack",
            "MarginLeft": 20,
            "Orientation": "Vertical",
            "HorizontalAlignment": "Right",
            "Items": [
                {
                    "BlockType": "stack",
                    "Items": [
                        {
                            "Name": "leagueLogo",
                            "BlockType": "image",
                            "Height": "{LogoSize}",
                            "Margin": "0, 0, 0, 0",
                            "Source": "{Season.LeagueInfo.LeagueLogo}"
                        }
                    ]
                }
            ]
        }
    ]
}