{
    "BlockType": "stack",
    "Height": "120",
    "Width": "700",
    "MarginRight": 0,
    "MarginBottom": 20,
    "Background": "#7F7F7F",
    "Items": [
        //left part
        {
            "BlockType": "stack",
            "VerticalAlignment": "Center",
            "HorizontalAlignment": "Right",
            "Orientation": "Vertical",
            "Width": "*",
            "MarginLeft": 0,
            "Items": [
                {
                    "BlockType": "stack",
                    "VerticalAlignment": "Center",
                    "HorizontalAlignment": "Right",
                    "MarginLeft": 0,
                    "Width": "*",
                    "Orientation": "Horizontal",
                    "Items": [
                        {
                            "BlockType": "dock",
                            "HorizontalAlignment": "Right",
                            "VerticalAlignment": "Center",
                            "Items": [
                                //right part
                                {
                                    "BlockType": "stack",
                                    "VerticalAlignment": "Center",
                                    "HorizontalAlignment": "Left",
                                    "MarginRight": 0,
                                    "Orientation": "Vertical",
                                    "Items": [
                                        {
                                            "BlockType": "stack",
                                            "VerticalAlignment": "Center",
                                            "HorizontalAlignment": "Left",
                                            "MarginLeft": 0,
                                            "MarginBottom": 0,
                                            "Orientation": "Horizontal",
                                            "Items": [
                                                {
                                                    "BlockType": "text",
                                                    "Source": "{Item.Driver.Name, Converter=StringToUpperString}",
                                                    "HorizontalAlignment": "Left",
                                                    "VerticalAlignment": "Center",
                                                    "FontSize": "{FontSizeOnOfficialRenders}",
                                                    "Foreground": "{White}",
                                                    "FontName": "{Formula1-Bold}",
                                                    "Triggers": [
                                                        {
                                                            "Condition": "{Item.Driver.Name, Converter=EmptyObjectToFalse}",
                                                            "Setters": [
                                                                {
                                                                    "Property": "Foreground",
                                                                    "Value": "{White}"
                                                                },
                                                            ]
                                                        },
                                                        {
                                                            "Condition": "{Item.Team.Name, Converter=EmptyObjectToTrue}",
                                                            "Setters": [
                                                                {
                                                                    "Property": "Foreground",
                                                                    "Value": "{Black}"
                                                                }
                                                            ]
                                                        },
                                                        {
                                                            "Condition": "{RealNameOnRenders}",
                                                            "Setters": [
                                                                {
                                                                    "Property": "Source",
                                                                    "Value": "{Item.Driver.RealName, Converter=StringToUpperString}"
                                                                }
                                                            ]
                                                        },
                                                        {
                                                            "Condition": "{InGameNameOnRenders}",
                                                            "Setters": [
                                                                {
                                                                    "Property": "Source",
                                                                    "Value": "{Item.Driver.InGameName, Converter=StringToUpperString}"
                                                                }
                                                            ]
                                                        },
                                                        {
                                                            "Condition": "{FullNameOnRenders}",
                                                            "Setters": [
                                                                {
                                                                    "Property": "Source",
                                                                    "Value": "{Item.Driver.Name, Converter=StringToUpperString} {Item.Driver.RealName, Converter=StringToUpperString}"
                                                                },
                                                            ]
                                                        },
                                                        {
                                                            "Condition": "{SwitchNameFields}",
                                                            "Setters": [
                                                                {
                                                                    "Property": "Source",
                                                                    "Value": "{Item.Driver.RealName, Converter=StringToUpperString} {Item.Driver.Name, Converter=StringToUpperString}"
                                                                },
                                                            ]
                                                        },
                                                        {
                                                            "Condition": "{Item.Driver.Name, Converter=EmptyObjectToTrue}",
                                                            "Setters": [
                                                                {
                                                                    "Property": "Source",
                                                                    "Value": "?"
                                                                },
                                                            ]
                                                        }
                                                    ]
                                                },
                                            ]
                                        },
                                        {
                                            "BlockType": "text",
                                            "Source": "",
                                            "HorizontalAlignment": "Left",
                                            "VerticalAlignment": "Center",
                                            "FontName": "{Formula1-Regular}",
                                            "Foreground": "{Black}",
                                            "FontSize": "{FontSizeOnOfficialRenders, Converter=NumberSubtract, Parameter=10}",
                                            "Triggers": [
                                                {
                                                    "Condition": "{SwitchNameFields}",
                                                    "Setters": [
                                                        {
                                                            "Property": "Source",
                                                            "Value": "{Item.Driver.RealName, Converter=StringToUpperString} {Item.Driver.Name, Converter=StringToUpperString}"
                                                        },
                                                    ]
                                                },
                                                {
                                                    "Condition": "{DriverNameOnLineUp}",
                                                    "Property": "Source",
                                                    "Value": "{Item.Driver.Name, Converter=StringToUpperString} {Item.Driver.RealName, Converter=StringToUpperString}"
                                                },
                                                {
                                                    "Condition": "{DriverNameOnLineUp, Converter=BoolReverse}",
                                                    "Property": "Source",
                                                    "Value": ""
                                                },
                                                {
                                                    "Condition": "{InGameNameOnLineUps}",
                                                    "Property": "Source",
                                                    "Value": "{Item.Driver.InGameName, Converter=StringToUpperString}"
                                                },
                                            ]
                                        }
                                    ]
                                },
                                {
                                    "BlockType": "dock",
                                    "VerticalAlignment": "Center",
                                    "HorizontalAlignment": "Center",
                                    "MarginLeft": 275,
                                    "MarginRight": -275,
                                    "Orientation": "Vertical",
                                    "Items": [
                                        //number
                                        {
                                            "BlockType": "text",
                                            "RenderIf": "{DriverNumber}",
                                            "Source": "{Item.Driver.RaceNumber, Converter=StringToUpperString}",
                                            "HorizontalAlignment": "Center",
                                            "FontName": "{Formula1-Black}",
                                            "FontSize": 70,
                                            "VerticalAlignment": "Center",
                                            "Triggers": [
                                                {
                                                    "Condition": "{NotF1SeasonOrCustomTeams}",
                                                    "Setters": [
                                                        {
                                                            "Property": "FontName",
                                                            "Value": "F1NumbersRedBull"
                                                        },
                                                        {
                                                            "Property": "FontSize",
                                                            "Value": "120"
                                                        },
                                                    ]
                                                },
                                                {
                                                    "Condition": "{TeamNumberFontOnLineUps, Converter=BoolReverse}",
                                                    "Setters": [
                                                        {
                                                            "Property": "FontName",
                                                            "Value": "{Formula1-Black}"
                                                        },
                                                        {
                                                            "Property": "FontSize",
                                                            "Value": "70"
                                                        }
                                                    ]
                                                },
                                                {
                                                    "Condition": "{Item.Team.Name, Converter=EmptyObjectToTrue}",
                                                    "Property": "Foreground",
                                                    "Value": "{ReserveDriverNumberForeground}"
                                                },
                                                {
                                                    "Condition": "{Item.Driver.Name, Converter=EmptyObjectToTrue}",
                                                    "Setters": [
                                                        {
                                                            "Property": "Source",
                                                            "Value": "?"
                                                        },
                                                    ]
                                                }
                                            ],
                                            "Foreground": "{Black}"
                                        },
                                    ]
                                }
                            ]
                        },
                    ]
                },
            ]
        }
    ]
}