{
    "BlockType": "dock",
    "Padding": "0,0,0,0",
    "Orientation": "Horizontal",
    "HorizontalAlignment": "Center",
    "Width": "*",
    "Items": [
        {
            "BlockType": "stack",
            "MarginRight": "-110",
            "Height": "121",
            "Width": "728",
            "BackgroundImage": "images/team/lineups_block.png",
            "ColorizeBackground": {
                "Enabled": true,
                "Color": "{Item.Team.Color}",
                "BlendPercentage": 100
            },
            "Items": [
                {
                    "BlockType": "stack",
                    "HorizontalAlignment": "Right",
                    "VerticalAlignment": "Center",
                    "Orientation": "Vertical",
                    "Width": "*",
                    "MarginLeft": 0,
                    "Items": [
                        {
                            "BlockType": "stack",
                            "VerticalAlignment": "Center",
                            "HorizontalAlignment": "Left",
                            "MarginLeft": 0,
                            "Width": "*",
                            "Orientation": "Horizontal",
                            "Items": [
                                {
                                    "BlockType": "dock",
                                    "HorizontalAlignment": "Right",
                                    "VerticalAlignment": "Center",
                                    "Items": [
                                        //right part
                                        {
                                            "BlockType": "stack",
                                            "VerticalAlignment": "Center",
                                            "HorizontalAlignment": "Center",
                                            "MarginLeft": 0,
                                            "Orientation": "Vertical",
                                            "Items": [
                                                {
                                                    "BlockType": "stack",
                                                    "VerticalAlignment": "Center",
                                                    "HorizontalAlignment": "Center",
                                                    "MarginLeft": 0,
                                                    "MarginBottom": 0,
                                                    "Orientation": "Horizontal",
                                                    "Items": [
                                                        {
                                                            "BlockType": "text",
                                                            "Source": "{Item.Line0.Driver.Name, Converter=StringToUpperString}",
                                                            "HorizontalAlignment": "Center",
                                                            "VerticalAlignment": "Center",
                                                            "FontSize": "{FontSizeOnOfficialRenders}",
                                                            "Foreground": "{White}",
                                                            "FontName": "{FontBlack}",
                                                            "Triggers": [
                                                                {
                                                                    "Condition": "{Item.Line0.Driver.Name, Converter=EmptyObjectToFalse}",
                                                                    "Setters": [
                                                                        {
                                                                            "Property": "Foreground",
                                                                            "Value": "{White}"
                                                                        }
                                                                    ]
                                                                },
                                                                {
                                                                    "Condition": "{Item.Team.Name, Converter=EmptyObjectToTrue}",
                                                                    "Setters": [
                                                                        {
                                                                            "Property": "Foreground",
                                                                            "Value": "{Black}"
                                                                        }
                                                                    ]
                                                                },
                                                                {
                                                                    "Condition": "{Item.Team.Name, Converter=StringEquals, Parameter=mercedes}",
                                                                    "Setters": [
                                                                        {
                                                                            "Property": "Foreground",
                                                                            "Value": "{Black}"
                                                                        }
                                                                    ]
                                                                },
                                                                {
                                                                    "Condition": "{Item.Team.Name, Converter=StringEquals, Parameter=haas}",
                                                                    "Setters": [
                                                                        {
                                                                            "Property": "Foreground",
                                                                            "Value": "{Black}"
                                                                        }
                                                                    ]
                                                                },
                                                                {
                                                                    "Condition": "{Item.Team.Name, Converter=StringEquals, Parameter=williams}",
                                                                    "Setters": [
                                                                        {
                                                                            "Property": "Foreground",
                                                                            "Value": "{WilliamsLineUpForeground}"
                                                                        }
                                                                    ]
                                                                },
                                                                {
                                                                    "Condition": "{Item.Team.Name, Converter=StringEquals, Parameter=alpine}",
                                                                    "Setters": [
                                                                        {
                                                                            "Property": "Foreground",
                                                                            "Value": "{AlpineLineUpForeground}"
                                                                        }
                                                                    ]
                                                                },
                                                                {
                                                                    "Condition": "{Item.Team.Name, Converter=StringEquals, Parameter=art}",
                                                                    "Setters": [
                                                                        {
                                                                            "Property": "Foreground",
                                                                            "Value": "{Black}"
                                                                        }
                                                                    ]
                                                                },
                                                                {
                                                                    "Condition": "{Item.Team.Name, Converter=StringEquals, Parameter=virtuosi}",
                                                                    "Setters": [
                                                                        {
                                                                            "Property": "Foreground",
                                                                            "Value": "{Black}"
                                                                        }
                                                                    ]
                                                                },
                                                                {
                                                                    "Condition": "{RealNameOnRenders}",
                                                                    "Setters": [
                                                                        {
                                                                            "Property": "Source",
                                                                            "Value": "{Item.Line0.Driver.RealName, Converter=StringToUpperString}"
                                                                        }
                                                                    ]
                                                                },
                                                                {
                                                                    "Condition": "{InGameNameOnRenders}",
                                                                    "Setters": [
                                                                        {
                                                                            "Property": "Source",
                                                                            "Value": "{Item.Line0.Driver.InGameName, Converter=StringToUpperString}"
                                                                        }
                                                                    ]
                                                                },
                                                                {
                                                                    "Condition": "{SwitchNameFields}",
                                                                    "Setters": [
                                                                        {
                                                                            "Property": "Source",
                                                                            "Value": "{Item.Line0.Driver.RealName, Converter=StringToUpperString}"
                                                                        }
                                                                    ]
                                                                },
                                                                {
                                                                    "Condition": "{Item.Line0.Driver.Name, Converter=EmptyObjectToTrue}",
                                                                    "Setters": [
                                                                        {
                                                                            "Property": "Source",
                                                                            "Value": "?"
                                                                        }
                                                                    ]
                                                                }
                                                            ]
                                                        },
                                                        {
                                                            "BlockType": "text",
                                                            "RenderIf": "{FullNameOnRenders}",
                                                            "Source": " {Item.Line0.Driver.RealName, Converter=StringToUpperString}",
                                                            "HorizontalAlignment": "Center",
                                                            "VerticalAlignment": "Center",
                                                            "FontSize": "{FontSizeOnOfficialRenders}",
                                                            "Foreground": "{White}",
                                                            "FontName": "{FontBlack}",
                                                            "Triggers": [
                                                                {
                                                                    "Condition": "{Item.Line0.Driver.Name, Converter=EmptyObjectToFalse}",
                                                                    "Setters": [
                                                                        {
                                                                            "Property": "Foreground",
                                                                            "Value": "{White}"
                                                                        }
                                                                    ]
                                                                },
                                                                {
                                                                    "Condition": "{Item.Team.Name, Converter=EmptyObjectToTrue}",
                                                                    "Setters": [
                                                                        {
                                                                            "Property": "Foreground",
                                                                            "Value": "{Black}"
                                                                        }
                                                                    ]
                                                                },
                                                                {
                                                                    "Condition": "{Item.Team.Name, Converter=StringEquals, Parameter=mercedes}",
                                                                    "Setters": [
                                                                        {
                                                                            "Property": "Foreground",
                                                                            "Value": "{Black}"
                                                                        }
                                                                    ]
                                                                },
                                                                {
                                                                    "Condition": "{Item.Team.Name, Converter=StringEquals, Parameter=haas}",
                                                                    "Setters": [
                                                                        {
                                                                            "Property": "Foreground",
                                                                            "Value": "{Black}"
                                                                        }
                                                                    ]
                                                                },
                                                                {
                                                                    "Condition": "{Item.Team.Name, Converter=StringEquals, Parameter=williams}",
                                                                    "Setters": [
                                                                        {
                                                                            "Property": "Foreground",
                                                                            "Value": "{WilliamsLineUpForeground}"
                                                                        }
                                                                    ]
                                                                },
                                                                {
                                                                    "Condition": "{Item.Team.Name, Converter=StringEquals, Parameter=alpine}",
                                                                    "Setters": [
                                                                        {
                                                                            "Property": "Foreground",
                                                                            "Value": "{AlpineLineUpForeground}"
                                                                        }
                                                                    ]
                                                                },
                                                                {
                                                                    "Condition": "{Item.Team.Name, Converter=StringEquals, Parameter=art}",
                                                                    "Setters": [
                                                                        {
                                                                            "Property": "Foreground",
                                                                            "Value": "{Black}"
                                                                        }
                                                                    ]
                                                                },
                                                                {
                                                                    "Condition": "{Item.Team.Name, Converter=StringEquals, Parameter=virtuosi}",
                                                                    "Setters": [
                                                                        {
                                                                            "Property": "Foreground",
                                                                            "Value": "{Black}"
                                                                        }
                                                                    ]
                                                                },
                                                                {
                                                                    "Condition": "{SwitchNameFields}",
                                                                    "Setters": [
                                                                        {
                                                                            "Property": "Source",
                                                                            "Value": " {Item.Line0.Driver.Name, Converter=StringToUpperString}"
                                                                        }
                                                                    ]
                                                                }
                                                            ]
                                                        }
                                                    ]
                                                },
                                                {
                                                    "BlockType": "stack",
                                                    "VerticalAlignment": "Center",
                                                    "HorizontalAlignment": "Center",
                                                    "Orientation": "Horizontal",
                                                    "Items": [
                                                        {
                                                            "BlockType": "text",
                                                            "Source": "",
                                                            "HorizontalAlignment": "Center",
                                                            "VerticalAlignment": "Center",
                                                            "FontName": "{Formula1-Regular}",
                                                            "Foreground": "{White}",
                                                            "FontSize": "{FontSizeOnOfficialRenders, Converter=NumberSubtract, Parameter=12}",
                                                            "Triggers": [
                                                                {
                                                                    "Condition": "{Item.Team.Name, Converter=StringEquals, Parameter=mercedes}",
                                                                    "Property": "Foreground",
                                                                    "Value": "{Black}"
                                                                },
                                                                {
                                                                    "Condition": "{Item.Team.Name, Converter=StringEquals, Parameter=haas}",
                                                                    "Property": "Foreground",
                                                                    "Value": "{Black}"
                                                                },
                                                                {
                                                                    "Condition": "{Item.Team.Name, Converter=StringEquals, Parameter=williams}",
                                                                    "Setters": [
                                                                        {
                                                                            "Property": "Foreground",
                                                                            "Value": "{WilliamsLineUpForeground}"
                                                                        }
                                                                    ]
                                                                },
                                                                {
                                                                    "Condition": "{Item.Team.Name, Converter=StringEquals, Parameter=alpine}",
                                                                    "Setters": [
                                                                        {
                                                                            "Property": "Foreground",
                                                                            "Value": "{AlpineLineUpForeground}"
                                                                        }
                                                                    ]
                                                                },
                                                                {
                                                                    "Condition": "{DriverNameOnLineUp}",
                                                                    "Property": "Source",
                                                                    "Value": "{Item.Line0.Driver.Name, Converter=StringToUpperString}"
                                                                },
                                                                {
                                                                    "Condition": "{InGameNameOnLineUps}",
                                                                    "Property": "Source",
                                                                    "Value": "{Item.Line0.Driver.InGameName, Converter=StringToUpperString}"
                                                                },
                                                                {
                                                                    "Condition": "{SwitchNameFields}",
                                                                    "Property": "Source",
                                                                    "Value": "{Item.Line0.Driver.RealName, Converter=StringToUpperString}"
                                                                }
                                                            ]
                                                        },
                                                        {
                                                            "BlockType": "text",
                                                            "RenderIf": "{FullNameOnRenders}",
                                                            "Source": "",
                                                            "HorizontalAlignment": "Center",
                                                            "VerticalAlignment": "Center",
                                                            "FontName": "{Formula1-Regular}",
                                                            "Foreground": "{White}",
                                                            "FontSize": "{FontSizeOnOfficialRenders, Converter=NumberSubtract, Parameter=12}",
                                                            "Triggers": [
                                                                {
                                                                    "Condition": "{Item.Team.Name, Converter=StringEquals, Parameter=mercedes}",
                                                                    "Property": "Foreground",
                                                                    "Value": "{Black}"
                                                                },
                                                                {
                                                                    "Condition": "{Item.Team.Name, Converter=StringEquals, Parameter=haas}",
                                                                    "Property": "Foreground",
                                                                    "Value": "{Black}"
                                                                },
                                                                {
                                                                    "Condition": "{Item.Team.Name, Converter=StringEquals, Parameter=williams}",
                                                                    "Setters": [
                                                                        {
                                                                            "Property": "Foreground",
                                                                            "Value": "{WilliamsLineUpForeground}"
                                                                        }
                                                                    ]
                                                                },
                                                                {
                                                                    "Condition": "{Item.Team.Name, Converter=StringEquals, Parameter=alpine}",
                                                                    "Setters": [
                                                                        {
                                                                            "Property": "Foreground",
                                                                            "Value": "{AlpineLineUpForeground}"
                                                                        }
                                                                    ]
                                                                },
                                                                {
                                                                    "Condition": "{DriverNameOnLineUp}",
                                                                    "Property": "Source",
                                                                    "Value": " {Item.Line0.Driver.RealName, Converter=StringToUpperString}"
                                                                },
                                                                {
                                                                    "Condition": "{SwitchNameFields}",
                                                                    "Property": "Source",
                                                                    "Value": " {Item.Line0.Driver.Name, Converter=StringToUpperString}"
                                                                }
                                                            ]
                                                        }
                                                    ]
                                                }
                                            ]
                                        }
                                    ]
                                }
                            ]
                        }
                    ]
                }
            ]
        },
        {
            "BlockType": "stack",
            "Height": "121",
            "Width": "728",
            "BackgroundImage": "images/team/lineups_block.png",
            "ColorizeBackground": {
                "Enabled": true,
                "Color": "{Item.Team.Color}",
                "BlendPercentage": 100
            },
            "Items": [
                {
                    "BlockType": "stack",
                    "VerticalAlignment": "Center",
                    "HorizontalAlignment": "Right",
                    "Orientation": "Vertical",
                    "Width": "*",
                    "MarginLeft": 0,
                    "Items": [
                        {
                            "BlockType": "stack",
                            "VerticalAlignment": "Center",
                            "HorizontalAlignment": "Right",
                            "MarginLeft": 0,
                            "Width": "*",
                            "Orientation": "Horizontal",
                            "Items": [
                                {
                                    "BlockType": "dock",
                                    "HorizontalAlignment": "Right",
                                    "VerticalAlignment": "Center",
                                    "Items": [
                                        //right part
                                        {
                                            "BlockType": "stack",
                                            "VerticalAlignment": "Center",
                                            "HorizontalAlignment": "Center",
                                            "MarginRight": 0,
                                            "Orientation": "Vertical",
                                            "Items": [
                                                {
                                                    "BlockType": "stack",
                                                    "VerticalAlignment": "Center",
                                                    "HorizontalAlignment": "Center",
                                                    "MarginLeft": 0,
                                                    "MarginBottom": 0,
                                                    "Orientation": "Horizontal",
                                                    "Items": [
                                                        {
                                                            "BlockType": "text",
                                                            "Source": "{Item.Line1.Driver.Name, Converter=StringToUpperString}",
                                                            "HorizontalAlignment": "Center",
                                                            "VerticalAlignment": "Center",
                                                            "FontSize": "{FontSizeOnOfficialRenders}",
                                                            "Foreground": "{White}",
                                                            "FontName": "{FontBlack}",
                                                            "Triggers": [
                                                                {
                                                                    "Condition": "{Item.Line1.Driver.Name, Converter=EmptyObjectToFalse}",
                                                                    "Setters": [
                                                                        {
                                                                            "Property": "Foreground",
                                                                            "Value": "{White}"
                                                                        }
                                                                    ]
                                                                },
                                                                {
                                                                    "Condition": "{Item.Team.Name, Converter=EmptyObjectToTrue}",
                                                                    "Setters": [
                                                                        {
                                                                            "Property": "Foreground",
                                                                            "Value": "{Black}"
                                                                        }
                                                                    ]
                                                                },
                                                                {
                                                                    "Condition": "{Item.Team.Name, Converter=StringEquals, Parameter=haas}",
                                                                    "Property": "Foreground",
                                                                    "Value": "{Black}"
                                                                },
                                                                {
                                                                    "Condition": "{Item.Team.Name, Converter=StringEquals, Parameter=mercedes}",
                                                                    "Property": "Foreground",
                                                                    "Value": "{Black}"
                                                                },
                                                                {
                                                                    "Condition": "{Item.Team.Name, Converter=StringEquals, Parameter=williams}",
                                                                    "Setters": [
                                                                        {
                                                                            "Property": "Foreground",
                                                                            "Value": "{WilliamsLineUpForeground}"
                                                                        }
                                                                    ]
                                                                },
                                                                {
                                                                    "Condition": "{Item.Team.Name, Converter=StringEquals, Parameter=alpine}",
                                                                    "Setters": [
                                                                        {
                                                                            "Property": "Foreground",
                                                                            "Value": "{AlpineLineUpForeground}"
                                                                        }
                                                                    ]
                                                                },
                                                                {
                                                                    "Condition": "{Item.Team.Name, Converter=StringEquals, Parameter=art}",
                                                                    "Setters": [
                                                                        {
                                                                            "Property": "Foreground",
                                                                            "Value": "{Black}"
                                                                        }
                                                                    ]
                                                                },
                                                                {
                                                                    "Condition": "{Item.Team.Name, Converter=StringEquals, Parameter=virtuosi}",
                                                                    "Setters": [
                                                                        {
                                                                            "Property": "Foreground",
                                                                            "Value": "{Black}"
                                                                        }
                                                                    ]
                                                                },
                                                                {
                                                                    "Condition": "{RealNameOnRenders}",
                                                                    "Setters": [
                                                                        {
                                                                            "Property": "Source",
                                                                            "Value": "{Item.Line1.Driver.RealName, Converter=StringToUpperString}"
                                                                        }
                                                                    ]
                                                                },
                                                                {
                                                                    "Condition": "{InGameNameOnRenders}",
                                                                    "Setters": [
                                                                        {
                                                                            "Property": "Source",
                                                                            "Value": "{Item.Line1.Driver.InGameName, Converter=StringToUpperString}"
                                                                        }
                                                                    ]
                                                                },
                                                                {
                                                                    "Condition": "{SwitchNameFields}",
                                                                    "Setters": [
                                                                        {
                                                                            "Property": "Source",
                                                                            "Value": "{Item.Line1.Driver.RealName, Converter=StringToUpperString}"
                                                                        }
                                                                    ]
                                                                },
                                                                {
                                                                    "Condition": "{Item.Line1.Driver.Name, Converter=EmptyObjectToTrue}",
                                                                    "Setters": [
                                                                        {
                                                                            "Property": "Source",
                                                                            "Value": "?"
                                                                        }
                                                                    ]
                                                                }
                                                            ]
                                                        },
                                                        {
                                                            "BlockType": "text",
                                                            "RenderIf": "{FullNameOnRenders}",
                                                            "Source": " {Item.Line1.Driver.RealName, Converter=StringToUpperString}",
                                                            "HorizontalAlignment": "Center",
                                                            "VerticalAlignment": "Center",
                                                            "FontSize": "{FontSizeOnOfficialRenders}",
                                                            "Foreground": "{White}",
                                                            "FontName": "{FontBlack}",
                                                            "Triggers": [
                                                                {
                                                                    "Condition": "{Item.Line1.Driver.Name, Converter=EmptyObjectToFalse}",
                                                                    "Setters": [
                                                                        {
                                                                            "Property": "Foreground",
                                                                            "Value": "{White}"
                                                                        }
                                                                    ]
                                                                },
                                                                {
                                                                    "Condition": "{Item.Team.Name, Converter=EmptyObjectToTrue}",
                                                                    "Setters": [
                                                                        {
                                                                            "Property": "Foreground",
                                                                            "Value": "{Black}"
                                                                        }
                                                                    ]
                                                                },
                                                                {
                                                                    "Condition": "{Item.Team.Name, Converter=StringEquals, Parameter=mercedes}",
                                                                    "Property": "Foreground",
                                                                    "Value": "{Black}"
                                                                },
                                                                {
                                                                    "Condition": "{Item.Team.Name, Converter=StringEquals, Parameter=haas}",
                                                                    "Property": "Foreground",
                                                                    "Value": "{Black}"
                                                                },
                                                                {
                                                                    "Condition": "{Item.Team.Name, Converter=StringEquals, Parameter=williams}",
                                                                    "Setters": [
                                                                        {
                                                                            "Property": "Foreground",
                                                                            "Value": "{WilliamsLineUpForeground}"
                                                                        }
                                                                    ]
                                                                },
                                                                {
                                                                    "Condition": "{Item.Team.Name, Converter=StringEquals, Parameter=alpine}",
                                                                    "Setters": [
                                                                        {
                                                                            "Property": "Foreground",
                                                                            "Value": "{AlpineLineUpForeground}"
                                                                        }
                                                                    ]
                                                                },
                                                                {
                                                                    "Condition": "{Item.Team.Name, Converter=StringEquals, Parameter=art}",
                                                                    "Setters": [
                                                                        {
                                                                            "Property": "Foreground",
                                                                            "Value": "{Black}"
                                                                        }
                                                                    ]
                                                                },
                                                                {
                                                                    "Condition": "{Item.Team.Name, Converter=StringEquals, Parameter=virtuosi}",
                                                                    "Setters": [
                                                                        {
                                                                            "Property": "Foreground",
                                                                            "Value": "{Black}"
                                                                        }
                                                                    ]
                                                                },
                                                                {
                                                                    "Condition": "{SwitchNameFields}",
                                                                    "Setters": [
                                                                        {
                                                                            "Property": "Source",
                                                                            "Value": " {Item.Line1.Driver.Name, Converter=StringToUpperString}"
                                                                        }
                                                                    ]
                                                                }
                                                            ]
                                                        }
                                                    ]
                                                },
                                                {
                                                    "BlockType": "stack",
                                                    "VerticalAlignment": "Center",
                                                    "HorizontalAlignment": "Center",
                                                    "Orientation": "Horizontal",
                                                    "Items": [
                                                        {
                                                            "BlockType": "text",
                                                            "Source": "",
                                                            "HorizontalAlignment": "Center",
                                                            "VerticalAlignment": "Center",
                                                            "FontName": "{Formula1-Regular}",
                                                            "Foreground": "{White}",
                                                            "FontSize": "{FontSizeOnOfficialRenders, Converter=NumberSubtract, Parameter=12}",
                                                            "Triggers": [
                                                                {
                                                                    "Condition": "{Item.Team.Name, Converter=StringEquals, Parameter=mercedes}",
                                                                    "Property": "Foreground",
                                                                    "Value": "{Black}"
                                                                },
                                                                {
                                                                    "Condition": "{Item.Team.Name, Converter=StringEquals, Parameter=haas}",
                                                                    "Property": "Foreground",
                                                                    "Value": "{Black}"
                                                                },
                                                                {
                                                                    "Condition": "{Item.Team.Name, Converter=StringEquals, Parameter=williams}",
                                                                    "Setters": [
                                                                        {
                                                                            "Property": "Foreground",
                                                                            "Value": "{WilliamsLineUpForeground}"
                                                                        }
                                                                    ]
                                                                },
                                                                {
                                                                    "Condition": "{Item.Team.Name, Converter=StringEquals, Parameter=alpine}",
                                                                    "Setters": [
                                                                        {
                                                                            "Property": "Foreground",
                                                                            "Value": "{AlpineLineUpForeground}"
                                                                        }
                                                                    ]
                                                                },
                                                                {
                                                                    "Condition": "{DriverNameOnLineUp}",
                                                                    "Property": "Source",
                                                                    "Value": "{Item.Line1.Driver.Name, Converter=StringToUpperString}"
                                                                },
                                                                {
                                                                    "Condition": "{InGameNameOnLineUps}",
                                                                    "Property": "Source",
                                                                    "Value": "{Item.Line1.Driver.InGameName, Converter=StringToUpperString}"
                                                                },
                                                                {
                                                                    "Condition": "{SwitchNameFields}",
                                                                    "Property": "Source",
                                                                    "Value": "{Item.Line1.Driver.RealName, Converter=StringToUpperString}"
                                                                }
                                                            ]
                                                        },
                                                        {
                                                            "BlockType": "text",
                                                            "RenderIf": "{FullNameOnRenders}",
                                                            "Source": "",
                                                            "HorizontalAlignment": "Center",
                                                            "VerticalAlignment": "Center",
                                                            "FontName": "{Formula1-Regular}",
                                                            "Foreground": "{White}",
                                                            "FontSize": "{FontSizeOnOfficialRenders, Converter=NumberSubtract, Parameter=12}",
                                                            "Triggers": [
                                                                {
                                                                    "Condition": "{Item.Team.Name, Converter=StringEquals, Parameter=mercedes}",
                                                                    "Property": "Foreground",
                                                                    "Value": "{Black}"
                                                                },
                                                                {
                                                                    "Condition": "{Item.Team.Name, Converter=StringEquals, Parameter=haas}",
                                                                    "Property": "Foreground",
                                                                    "Value": "{Black}"
                                                                },
                                                                {
                                                                    "Condition": "{Item.Team.Name, Converter=StringEquals, Parameter=williams}",
                                                                    "Setters": [
                                                                        {
                                                                            "Property": "Foreground",
                                                                            "Value": "{WilliamsLineUpForeground}"
                                                                        }
                                                                    ]
                                                                },
                                                                {
                                                                    "Condition": "{Item.Team.Name, Converter=StringEquals, Parameter=alpine}",
                                                                    "Setters": [
                                                                        {
                                                                            "Property": "Foreground",
                                                                            "Value": "{AlpineLineUpForeground}"
                                                                        }
                                                                    ]
                                                                },
                                                                {
                                                                    "Condition": "{DriverNameOnLineUp}",
                                                                    "Property": "Source",
                                                                    "Value": " {Item.Line1.Driver.RealName, Converter=StringToUpperString}"
                                                                },
                                                                {
                                                                    "Condition": "{SwitchNameFields}",
                                                                    "Property": "Source",
                                                                    "Value": " {Item.Line1.Driver.Name, Converter=StringToUpperString}"
                                                                }
                                                            ]
                                                        }
                                                    ]
                                                }
                                            ]
                                        }
                                    ]
                                }
                            ]
                        }
                    ]
                }
            ]
        }
    ]
}