{
    "BlockType": "stack",
    "Background": "{Item.Team.Color}",
    "Width": "220",
    "Height": "360",
    "Triggers": [
        {
            "Condition": "{Item.Team.Name, Converter=StringEquals, Parameter=Red Bull}",
            "Property": "Background",
            "Value": "{RedBullOfficial}"
        },
        {
            "Condition": "{Item.Team.Name, Converter=StringEquals, Parameter=Ferrari}",
            "Property": "Background",
            "Value": "{FerrariOfficial}"
        },
        {
            "Condition": "{Item.Team.Name, Converter=StringEquals, Parameter=Mercedes}",
            "Property": "Background",
            "Value": "{MercedesOfficial}"
        },
        {
            "Condition": "{Item.Team.Name, Converter=StringEquals, Parameter=Alpine}",
            "Property": "Background",
            "Value": "{AlpineOfficial}"
        },
        {
            "Condition": "{Item.Team.Name, Converter=StringEquals, Parameter=McLaren}",
            "Property": "Background",
            "Value": "{McLarenOfficial}"
        },
        {
            "Condition": "{Item.Team.Name, Converter=StringEquals, Parameter=Alfa Romeo}",
            "Property": "Background",
            "Value": "{AlfaRomeoOfficial}"
        },
        {
            "Condition": "{Item.Team.Name, Converter=StringEquals, Parameter=Aston Martin}",
            "Property": "Background",
            "Value": "{AstonMartinOfficial}"
        },
        {
            "Condition": "{Item.Team.Name, Converter=StringEquals, Parameter=Haas}",
            "Property": "Background",
            "Value": "{HaasOfficialGrey}"
        },
        {
            "Condition": "{Item.Team.Name, Converter=StringEquals, Parameter=AlphaTauri}",
            "Property": "Background",
            "Value": "{AlphaTauriOfficial}"
        },
        {
            "Condition": "{Item.Team.Name, Converter=StringEquals, Parameter=Williams}",
            "Property": "Background",
            "Value": "{WilliamsOfficial2}"
        },
        {
            "Condition": "{Item.Team.Name, Converter=StringEquals, Parameter=trident}",
            "Property": "Background",
            "Value": "{White}"
        },
        {
            "Condition": "{Item.Team.Name, Converter=StringEquals, Parameter=carlin}",
            "Property": "Background",
            "Value": "{Black}"
        },
        {
            "Condition": "{Item.PositionString, Converter=StringEquals, Parameter=1}",
            "Property": "Height",
            "Value": "420"
        },
        {
            "Condition": "{Item.PositionString, Converter=StringEquals, Parameter=2}",
            "Property": "Height",
            "Value": "380"
        }
    ],
    "Items": [
        {
            "BlockType": "dock",
            "Width": "500",
            "Height": "500",
            "Orientation": "Vertical",
            "HorizontalAlignment": "Center",
            "Items": [
                {
                    "BlockType": "dock",
                    "Orientation": "Horizontal",
                    "Items": [
                        {
                            "BlockType": "stack",
                            "Orientation": "Vertical",
                            "HorizontalAlignment": "Left",
                            "Items": [
                                {
                                    "BlockType": "text",
                                    "Margin": "10,5,0,0",
                                    "Orientation": "Horizontal",
                                    "Source": "[{Item.Position}]",
                                    "Foreground": "{White}",
                                    "FontName": "{Formula1-Black}",
                                    "FontSize": "60",
                                    "TextOptions": {
                                        "HorizontalAlignment": "Left"
                                    },
                                    "Triggers": [
                                        {
                                            "Condition": "{Item.Team.Name, Converter=StringEquals, Parameter=Mercedes}",
                                            "Property": "Foreground",
                                            "Value": "{Black}"
                                        },
                                        {
                                            "Condition": "{Item.Team.Name, Converter=StringEquals, Parameter=Ferrari}",
                                            "Property": "Foreground",
                                            "Value": "{Black}"
                                        },
                                        {
                                            "Condition": "{Item.Team.Name, Converter=StringEquals, Parameter=haas}",
                                            "Property": "Foreground",
                                            "Value": "{Black}"
                                        },
                                        {
                                            "Condition": "{Item.Team.Name, Converter=StringEquals, Parameter=trident}",
                                            "Property": "Foreground",
                                            "Value": "{Black}"
                                        },
                                        {
                                            "Condition": "{Item.Team.Name, Converter=StringEquals, Parameter=art}",
                                            "Property": "Foreground",
                                            "Value": "{Black}"
                                        },
                                        {
                                            "Condition": "{Item.Team.Name, Converter=StringEquals, Parameter=virtuosi}",
                                            "Property": "Foreground",
                                            "Value": "{Black}"
                                        },
                                        {
                                            "Condition": "{Item.PositionString, Converter=StringEquals, Parameter=2}",
                                            "Setters": [
                                                {
                                                    "Property": "MarginTop",
                                                    "Value": "0"
                                                }
                                            ]
                                        },
                                        {
                                            "Condition": "{Item.PositionString, Converter=StringEquals, Parameter=3}",
                                            "Setters": [
                                                {
                                                    "Property": "MarginTop",
                                                    "Value": "0"
                                                }
                                            ]
                                        }
                                    ]
                                },
                                {
                                    "BlockType": "text",
                                    "Margin": "48,-69,0,28",
                                    "Orientation": "Horizontal",
                                    "Source": "[TH]",
                                    "Foreground": "{White}",
                                    "FontName": "{Formula1-Black}",
                                    "FontSize": "35",
                                    "TextOptions": {
                                        "HorizontalAlignment": "Left"
                                    },
                                    "Triggers": [
                                        {
                                            "Condition": "{Item.Team.Name, Converter=StringEquals, Parameter=Mercedes}",
                                            "Property": "Foreground",
                                            "Value": "{Black}"
                                        },
                                        {
                                            "Condition": "{Item.Team.Name, Converter=StringEquals, Parameter=Ferrari}",
                                            "Property": "Foreground",
                                            "Value": "{Black}"
                                        },
                                        {
                                            "Condition": "{Item.Team.Name, Converter=StringEquals, Parameter=haas}",
                                            "Property": "Foreground",
                                            "Value": "{Black}"
                                        },
                                        {
                                            "Condition": "{Item.Team.Name, Converter=StringEquals, Parameter=trident}",
                                            "Property": "Foreground",
                                            "Value": "{Black}"
                                        },
                                        {
                                            "Condition": "{Item.Team.Name, Converter=StringEquals, Parameter=art}",
                                            "Property": "Foreground",
                                            "Value": "{Black}"
                                        },
                                        {
                                            "Condition": "{Item.Team.Name, Converter=StringEquals, Parameter=virtuosi}",
                                            "Property": "Foreground",
                                            "Value": "{Black}"
                                        },
                                        {
                                            "Condition": "{Item.PositionString, Converter=StringEquals, Parameter=1}",
                                            "Property": "Source",
                                            "Value": "[ST]"
                                        },
                                        {
                                            "Condition": "{Item.PositionString, Converter=StringEquals, Parameter=2}",
                                            "Setters": [
                                                {
                                                    "Property": "Source",
                                                    "Value": "[ND]"
                                                },
                                                {
                                                    "Property": "MarginLeft",
                                                    "Value": "54"
                                                }
                                            ]
                                        },
                                        {
                                            "Condition": "{Item.PositionString, Converter=StringEquals, Parameter=3}",
                                            "Setters": [
                                                {
                                                    "Property": "Source",
                                                    "Value": "[RD]"
                                                },
                                                {
                                                    "Property": "MarginLeft",
                                                    "Value": "50"
                                                }
                                            ]
                                        }
                                    ]
                                },
                                {
                                    "BlockType": "image",
                                    "Height": 180,
                                    "MarginTop": -30,
                                    "MarginLeft": -25,
                                    "PaddingRight": 0,
                                    "VerticalAlignment": "Center",
                                    "Source": "images/logos/{Item.Team.Name}.png",
                                    "ImageOptions": {
                                        "VerticalAlignment": "Center"
                                    },
                                    "Triggers": [
                                        {
                                            "Condition": "{Item.Team.Name, Converter=StringEquals, Parameter=McLaren}",
                                            "Property": "Source",
                                            "Value": "images/logos/mclaren.white"
                                        },
                                        {
                                            "Condition": "{Item.Team.Name, Converter=StringEquals, Parameter=aston martin}",
                                            "Property": "Source",
                                            "Value": "images/logos/aston martin.white"
                                        },
                                        {
                                            "Condition": "{Item.Team.Name, Converter=StringEquals, Parameter=var}",
                                            "Property": "Source",
                                            "Value": "images/logos/var.white"
                                        },
                                        {
                                            "Condition": "{Item.Team.Name, Converter=StringEquals, Parameter=prema}",
                                            "Property": "Source",
                                            "Value": "images/logos/prema.white"
                                        },
                                        {
                                            "Condition": "{Item.PositionString, Converter=StringEquals, Parameter=2}",
                                            "Setters": [
                                                {
                                                    "Property": "MarginTop",
                                                    "Value": "-25"
                                                },
                                                {
                                                    "Property": "MarginLeft",
                                                    "Value": "-35"
                                                }
                                            ]
                                        },
                                        {
                                            "Condition": "{Item.PositionString, Converter=StringEquals, Parameter=3}",
                                            "Setters": [
                                                {
                                                    "Property": "MarginTop",
                                                    "Value": "-25"
                                                },
                                                {
                                                    "Property": "MarginLeft",
                                                    "Value": "-35"
                                                }
                                            ]
                                        },
                                        {
                                            "Condition": "{UseDriverAvatars, Converter=BoolReverse}",
                                            "Setters": [
                                                {
                                                    "Property": "MarginTop",
                                                    "Value": "0"
                                                },
                                                {
                                                    "Property": "MarginLeft",
                                                    "Value": "-17"
                                                },
                                                {
                                                    "Property": "Height",
                                                    "Value": "252"
                                                }
                                            ]
                                        }
                                    ]
                                },
                                {
                                    "BlockType": "image",
                                    "HorizontalAlignment": "Left",
                                    "Margin": "-35,0,0,0",
                                    "Source": "images/suit/{Item.Team.Name}_{Item.SeatPosition}.png",
                                    "Width": "400",
                                    "Triggers": [
                                        {
                                            "Condition": "{UseDriverAvatars, Converter=BoolReverse}",
                                            "Setters": [
                                                {
                                                    "Property": "Source",
                                                    "Value": ""
                                                }
                                            ]
                                        },
                                        {
                                            "Condition": "{Item.PositionString, Converter=StringEquals, Parameter=1}",
                                            "Property": "MarginTop",
                                            "Value": "-220"
                                        },
                                        {
                                            "Condition": "{Item.PositionString, Converter=StringEquals, Parameter=2}",
                                            "Property": "MarginTop",
                                            "Value": "-225"
                                        },
                                        {
                                            "Condition": "{Item.PositionString, Converter=StringEquals, Parameter=3}",
                                            "Property": "MarginTop",
                                            "Value": "-225"
                                        }
                                    ]
                                }
                            ]
                        }
                    ]
                },
                {
                    "BlockType": "stack",
                    "RenderIf": "{UseDriverAvatars, Converter=BoolReverse}",
                    "Background": "14141C",
                    "Padding": "120,10",
                    "HorizontalAlignment": "Center",
                    "Orientation": "Horizontal",
                    "Triggers": [
                        {
                            "Condition": "{Item.PositionString, Converter=StringEquals, Parameter=1}",
                            "Property": "MarginTop",
                            "Value": 60
                        },
                        {
                            "Condition": "{Item.PositionString, Converter=StringEquals, Parameter=2}",
                            "Property": "MarginTop",
                            "Value": 21
                        },
                        {
                            "Condition": "{Item.PositionString, Converter=StringEquals, Parameter=3}",
                            "Property": "MarginTop",
                            "Value": 1
                        },
                        {
                            "Condition": "{DarkTheme, Converter=BoolReverse}",
                            "Property": "Background",
                            "Value": "{Black}"
                        }
                    ],
                    "Items": [
                        {
                            "BlockType": "text",
                            "Source": "{Item.Driver.Name, Converter=StringToUpperString}",
                            "Foreground": "{White}",
                            "FontName": "{Formula1-Black}",
                            "FontSize": "{FontSizeOnOfficialRenders, Converter=NumberSubtract, Parameter= 20}",
                            "HorizontalAlignment": "Center",
                            "VerticalAlignment": "Center",
                            "Triggers": [
                                {
                                    "Condition": "{RealNameOnRenders}",
                                    "Property": "Source",
                                    "Value": "{Item.Driver.RealName, Converter=StringToUpperString}"
                                },
                                {
                                    "Condition": "{InGameNameOnRenders}",
                                    "Property": "Source",
                                    "Value": "{Item.Driver.InGameName, Converter=StringToUpperString}"
                                },
                                {
                                    "Condition": "{SwitchNameFields}",
                                    "Property": "Source",
                                    "Value": "{Item.Driver.RealName, Converter=StringToUpperString}"
                                }
                            ]
                        },
                        {
                            "BlockType": "text",
                            "RenderIf": "{FullNameOnRenders}",
                            "Source": " {Item.Driver.RealName, Converter=StringToUpperString}",
                            "Foreground": "{White}",
                            "FontName": "{Formula1-Black}",
                            "FontSize": "{FontSizeOnOfficialRenders, Converter=NumberSubtract, Parameter= 20}",
                            "HorizontalAlignment": "Center",
                            "VerticalAlignment": "Center",
                            "Triggers": [
                                {
                                    "Condition": "{SwitchNameFields}",
                                    "Property": "Source",
                                    "Value": " {Item.Driver.Name, Converter=StringToUpperString}"
                                }
                            ]
                        }
                    ]
                },
                {
                    "BlockType": "stack",
                    "RenderIf": "{UseDriverAvatars}",
                    "Background": "14141C",
                    "HorizontalAlignment": "Center",
                    "Padding": "120,10",
                    "Orientation": "Horizontal",
                    "Triggers": [
                        {
                            "Condition": "{DarkTheme, Converter=BoolReverse}",
                            "Property": "Background",
                            "Value": "{Black}"
                        }
                    ],
                    "Items": [
                        {
                            "BlockType": "text",
                            "Source": "{Item.Driver.Name, Converter=StringToUpperString}",
                            "Foreground": "{White}",
                            "FontName": "{Formula1-Black}",
                            "FontSize": "{FontSizeOnOfficialRenders, Converter=NumberSubtract, Parameter= 20}",
                            "HorizontalAlignment": "Center",
                            "VerticalAlignment": "Center",
                            "Triggers": [
                                {
                                    "Condition": "{RealNameOnRenders}",
                                    "Property": "Source",
                                    "Value": "{Item.Driver.RealName, Converter=StringToUpperString}",
                                },
                                {
                                    "Condition": "{InGameNameOnRenders}",
                                    "Property": "Source",
                                    "Value": "{Item.Driver.InGameName, Converter=StringToUpperString}",
                                },
                                {
                                    "Condition": "{SwitchNameFields}",
                                    "Property": "Source",
                                    "Value": "{Item.Driver.RealName, Converter=StringToUpperString}",
                                }
                            ]
                        },
                        {
                            "BlockType": "text",
                            "RenderIf": "{FullNameOnRenders}",
                            "Source": " {Item.Driver.RealName, Converter=StringToUpperString}",
                            "Foreground": "{White}",
                            "FontName": "{Formula1-Black}",
                            "FontSize": "{FontSizeOnOfficialRenders, Converter=NumberSubtract, Parameter= 20}",
                            "HorizontalAlignment": "Center",
                            "VerticalAlignment": "Center",
                            "Triggers": [
                                {
                                    "Condition": "{SwitchNameFields}",
                                    "Property": "Source",
                                    "Value": " {Item.Driver.Name, Converter=StringToUpperString}"
                                }
                            ]
                        }
                    ]
                }
            ]
        }
    ]
}