{
    "BlockType": "stack",
    "VerticalAlignment": "Bottom",
    "HorizontalAlignment": "Center",
    "Orientation": "Vertical",
    "Width": 700,
    "Items": [
        {
            "Name": "headerSessionLine",
            "BlockType": "stack",
            "VerticalAlignment": "Center",
            "HorizontalAlignment": "Right",
            "Items": [
                {
                    "BlockType": "text",
                    "HorizontalAlignment": "Right",
                    "VerticalAlignment": "Center",
                    "Source": "[POINTS AFTER THE]",
                    "FontName": "{Formula1-Regular}",
                    "FontSize": 25,
                    "Foreground": "{Black}",
                    "Triggers": [
                        {
                            "Condition": "{DarkTheme}",
                            "Property": "Foreground",
                            "Value": "{White}"
                        }
                    ]
                }
            ]
        },
        {
            "Name": "headerSessionLine",
            "BlockType": "stack",
            "VerticalAlignment": "Center",
            "HorizontalAlignment": "Right",
            "Items": [
                {
                    "BlockType": "text",
                    "VerticalAlignment": "Top",
                    "HorizontalAlignment": "Right",
                    "Source": "{GPName, Converter=StringToUpperString} GP",
                    "FontName": "{Formula1-Bold}",
                    "FontSize": 25,
                    "Foreground": "{Black}",
                    "Triggers": [
                        {
                            "Condition": "{DarkTheme}",
                            "Property": "Foreground",
                            "Value": "{White}"
                        },
                        {
                            "Condition": "{ChangeWordOrder}",
                            "Property": "Source",
                            "Value": "GP {GPName, Converter=StringToUpperString}"
                        }
                    ]
                }
            ]
        }
    ]
}