{
    "BlockType": "dock",
    "Background": "{BackgroundDefault}",
    "Triggers": [
        {
            "Condition": "{ItemIndex, Converter=NumberEquals, Parameter=0}",
            "Property": "Background",
            "Value": "{White}"
        },
        {
            "Condition": "{ChampionColour}",
            "Property": "Background",
            "Value": "E9C652"
        },
        {
            "Condition": "{ItemIndex, Converter=NumberGreater, Parameter=0}",
            "Property": "Background",
            "Value": "{BackgroundDefault}"
        }
    ],
    "Items": [
        {
            "BlockType": "stack",
            "PaddingLeft": 10,
            "PaddingRight": 10,
            "HorizontalAlignment": "Center",
            "VerticalAlignment": "Center",
            "Spacing": 0,
            "Items": [
                {
                    "BlockType": "image",
                    "RenderIf": "{Item.PositionJump, Converter=NumberGreater, Parameter=0}",
                    "Source": "arrow_up.png",
                    "HorizontalAlignment": "Center",
                    "VerticalAlignment": "Center",
                    "Height": 15
                },
                {
                    "BlockType": "image",
                    "RenderIf": "{Item.PositionJump, Converter=NumberEquals, Parameter=0}",
                    "Source": "equal.png",
                    "HorizontalAlignment": "Center",
                    "Opacity": 0,
                    "VerticalAlignment": "Center",
                    "Height": 15
                },
                {
                    "BlockType": "image",
                    "RenderIf": "{Item.PositionJump, Converter=NumberLess, Parameter=0}",
                    "Source": "arrow_down.png",
                    "HorizontalAlignment": "Center",
                    "VerticalAlignment": "Center",
                    "Height": 15
                },
                {
                    "BlockType": "text",
                    "MarginLeft": 10,
                    "Source": "{Item.PositionJump, Converter=NumberAbs}",
                    "HorizontalAlignment": "Center",
                    "VerticalAlignment": "Center",
                    "FontName": "{Formula1-Regular}",
                    "FontSize": 20,
                    "TextOptions": {
                        "HorizontalAlignment": "Center"
                    },
                    "Triggers": [
                        {
                            "Condition": "{Item.PositionJump, Converter=NumberGreater, Parameter=0}",
                            "Setters": [
                                {
                                    "Property": "Foreground",
                                    "Value": "#07FF00"
                                }
                            ]
                        },
                        {
                            "Condition": "{Item.PositionJump, Converter=NumberLess, Parameter=0}",
                            "Setters": [
                                {
                                    "Property": "Foreground",
                                    "Value": "#DB0200"
                                }
                            ]
                        },
                        {
                            "Condition": "{Item.PositionJump, Converter=NumberEquals, Parameter=0}",
                            "Setters": [
                                {
                                    "Property": "Source",
                                    "Value": ""
                                }
                            ]
                        }
                    ]
                }
            ]
        }
    ]
}