{
    "Name" : "sticker",
    "BlockType" : "stack",       
    "Padding" : "50,24,0,12",
    "Background": "{BackgroundDefault}", 
    "VerticalAlignment" : "Center",   
    "Spacing" : 115,
    "Items" :
    [
        {
            "Name" : "txt1",
            "BlockType" : "text",
            "Source" : "<tyre>",
            "VerticalAlignment" : "Center",
            "FontName": "{Formula1-Regular}",   
            "Foreground" : "#C5C7C9",
            "FontSize" : 30           
        },

        {
            "Name" : "txt1",
            "BlockType" : "text",
            "Source" : "<soft>",
            "VerticalAlignment" : "Center",
            "FontName": "{Formula1-Regular}",   
            "Foreground" : "#E93324",
            "FontSize" : 30          
        },
        
        {
            "Name" : "txt1",
            "BlockType" : "text",
            "Source" : "<medium>",
            "VerticalAlignment" : "Center",
            "FontName": "{Formula1-Regular}",   
            "Foreground" : "#F3FD54",
            "FontSize" : 30           
        },

        {
            "Name" : "txt1",
            "BlockType" : "text",
            "Source" : "<hard>",
            "VerticalAlignment" : "Center",
            "FontName": "{Formula1-Regular}",   
            "Foreground" : "{White}",
            "FontSize" : 30          
        },

        {
            "Name" : "txt1",
            "BlockType" : "text",
            "Source" : "<int>",
            "VerticalAlignment" : "Center",
            "FontName": "{Formula1-Regular}",   
            "Foreground" : "#6EBE4F",
            "FontSize" : 30          
        },
        
        {
            "Name" : "txt1",
            "BlockType" : "text", 
            "Source" : "<wet>",
            "VerticalAlignment" : "Center",
            "FontName": "{Formula1-Regular}",   
            "Foreground" : "#518ED4",
            "FontSize" : 30       
        },
    ]
}