{
    "Name": "sticker",
    "BlockType": "stack",
    "Padding": "24,12,24,0",
    "Background": "#13151D",
    "VerticalAlignment": "Center",
    "Spacing": 50,
    "Items": [
        {
            "Name": "txt1",
            "BlockType": "text",
            "Source": "<header>",
            "VerticalAlignment": "Center",
            "FontName": "{Formula1-Regular}",
            "Foreground": "800080",
            "FontSize": 35
        },
        {
            "Name" : "txt1",
            "BlockType" : "text",
            "Source" : "<DOTD>",
            "VerticalAlignment" : "Center",
            "FontName": "{Formula1-Bold}",   
            "Foreground" : "800080",
            "FontSize" : 35     
        },
        {
            "Name": "txt1",
            "BlockType": "text",
            "Source": "<main>",
            "VerticalAlignment": "Center",
            "FontName": "{Formula1-Italic}",
            "Foreground": "ABACB5",
            "FontSize": 35
        },
        {
            "Name": "txt1",
            "BlockType": "text",
            "Margin": "-40,3,0,0",
            "Source": "<main2>",
            "VerticalAlignment": "Center",
            "FontName": "{Magistral-BoldItalic}",
            "Foreground": "#C4C5C9",
            "FontSize": 35
        },
        {
            "Name": "txt1",
            "BlockType": "text",
            "Source": "<team>",
            "VerticalAlignment": "Center",
            "FontName": "{Formula1-Bold}",
            "Foreground": "#C7C8CC",
            "FontSize": 35
        },
        {
            "Name": "txt1",
            "BlockType": "text",
            "Source": "<data>",
            "VerticalAlignment": "Center",
            "FontName": "{Formula1-Regular}",
            "Foreground": "C7C8CC",
            "FontSize": 35
        },
        {
            "Name": "txt1",
            "BlockType": "text",
            "RenderIf": "{Session.IsLiveData}",
            "Source": "<lap>",
            "VerticalAlignment": "Center",
            "FontName": "{Formula1-Regular}",
            "Foreground": "C7C8CC",
            "FontSize": 35
        },
        {
            "Name": "txt1",
            "BlockType": "text",
            "Source": "<point>",
            "VerticalAlignment": "Center",
            "FontName": "{Formula1-Italic}",
            "Foreground": "C7C8CC",
            "RenderIf": "{FLPoint}",
            "FontSize": 35
        }
    ]
}