{
    "BlockType": "dock",
    "BackgroundImage": "images/team/teamstandings.png",
    "Height": 93,
    "Width": "*",
    "ColorizeBackground": {
        "Enabled": true,
        "Color": "{Item.Team.Color}"
    },
    "Items": [
        {
            "BlockType": "stack",
            "HorizontalAlignment": "Left",
            "VerticalAlignment": "Center",
            "Items": [
                {
                    "BlockType": "image",
                    "Height": 180,
                    "Source": "images/logos/{Item.Team.Name}.png",
                    "HorizontalAlignment": "Left",
                    "VerticalAlignment": "Center",
                    "Triggers": [
                        {
                            "Condition": "{Item.Team.Name, Converter=StringEquals, Parameter=red bull}",
                            "Setters": [
                                {
                                    "Property": "Height",
                                    "Value": 350
                                },
                                {
                                    "Property": "Margin",
                                    "Value": "-105,0,0,0"
                                }
                            ]
                        },
                        {
                            "Condition": "{Item.Team.Name, Converter=StringEquals, Parameter=ferrari}",
                            "Setters": [
                                {
                                    "Property": "Height",
                                    "Value": 295
                                },
                                {
                                    "Property": "Margin",
                                    "Value": "-45,39,0,0"
                                }
                            ]
                        },
                        {
                            "Condition": "{Item.Team.Name, Converter=StringEquals, Parameter=mercedes}",
                            "Setters": [
                                {
                                    "Property": "Height",
                                    "Value": 290
                                },
                                {
                                    "Property": "Margin",
                                    "Value": "-50,0,0,0"
                                }
                            ]
                        },
                        {
                            "Condition": "{Item.Team.Name, Converter=StringEquals, Parameter=alpine}",
                            "Setters": [
                                {
                                    "Property": "Height",
                                    "Value": 256
                                },
                                {
                                    "Property": "Margin",
                                    "Value": "-34,-2,0,0"
                                },
                                {
                                    "Property": "Source",
                                    "Value": "images/logos/alpine.white.png"
                                }
                            ]
                        },
                        {
                            "Condition": "{Item.Team.Name, Converter=StringEquals, Parameter=mclaren}",
                            "Setters": [
                                {
                                    "Property": "Height",
                                    "Value": 348
                                },
                                {
                                    "Property": "Margin",
                                    "Value": "-85,25,0,0"
                                },
                                {
                                    "Property": "Source",
                                    "Value": "images/logos/mclaren.white.png"
                                }
                            ]
                        },
                        {
                            "Condition": "{Item.Team.Name, Converter=StringEquals, Parameter=alfa romeo}",
                            "Setters": [
                                {
                                    "Property": "Height",
                                    "Value": 217
                                },
                                {
                                    "Property": "Margin",
                                    "Value": "-5,31,0,0"
                                }
                            ]
                        },
                        {
                            "Condition": "{Item.Team.Name, Converter=StringEquals, Parameter=aston martin}",
                            "Setters": [
                                {
                                    "Property": "Height",
                                    "Value": 385
                                },
                                {
                                    "Property": "Margin",
                                    "Value": "-118,0,0,0"
                                },
                                {
                                    "Property": "Source",
                                    "Value": "images/logos/aston martin.white.png"
                                }
                            ]
                        },
                        {
                            "Condition": "{Item.Team.Name, Converter=StringEquals, Parameter=haas}",
                            "Setters": [
                                {
                                    "Property": "Height",
                                    "Value": 194
                                },
                                {
                                    "Property": "Margin",
                                    "Value": "6,-2,0,0"
                                }
                            ]
                        },
                        {
                            "Condition": "{Item.Team.Name, Converter=StringEquals, Parameter=alphatauri}",
                            "Setters": [
                                {
                                    "Property": "Height",
                                    "Value": 250
                                },
                                {
                                    "Property": "Margin",
                                    "Value": "-13,-4,0,0"
                                }
                            ]
                        },
                        {
                            "Condition": "{Item.Team.Name, Converter=StringEquals, Parameter=williams}",
                            "Setters": [
                                {
                                    "Property": "Height",
                                    "Value": 245
                                },
                                {
                                    "Property": "Margin",
                                    "Value": "-20,16,0,0"
                                },
                                {
                                    "Property": "Source",
                                    "Value": "images/logos/williams.light.png"
                                }
                            ]
                        },
                        {
                            "Condition": "{Item.Team.Name, Converter=StringEquals, Parameter=renault}",
                            "Property": "Source",
                            "Value": "images/logos/renault.black.png"
                        },
                        {
                            "Condition": "{Item.Team.Name, Converter=StringEquals, Parameter=prema}",
                            "Property": "Source",
                            "Value": "images/logos/prema.white.png"
                        },
                        {
                            "Condition": "{Item.Team.Name, Converter=StringEquals, Parameter=var}",
                            "Property": "Source",
                            "Value": "images/logos/var.white.png"
                        },
                        {
                            "Condition": "{Item.Team.Name, Converter=StringEquals, Parameter=carlin}",
                            "Property": "Source",
                            "Value": "images/logos/carlin.black.png"
                        }
                    ]
                }
            ]
        },
        {
            "BlockType": "stack",
            "HorizontalAlignment": "Left",
            "VerticalAlignment": "Center",
            "Items": [
                {
                    "BlockType": "text",
                    "Opacity": 100,
                    "MaxWidth": 1000,
                    "Source": "[{Item.Team.Name, Converter=StringToUpperString}]",
                    "HorizontalAlignment": "Left",
                    "MarginTop": 4,
                    "MarginLeft": 87,
                    "MarginRight": 40,
                    "FontName": "{Formula1-Black}",
                    "FontSize": 42,
                    "VerticalAlignment": "Center",
                    "Foreground": "{White}",
                    "Triggers": [
                        {
                            "Condition": "{Item.Team.Name, Converter=StringEquals, Parameter=red bull}",
                            "Setters": [
                                {
                                    "Property": "MarginLeft",
                                    "Value": "21"
                                },
                                {
                                    "Property": "Source",
                                    "Value": "[RED BULL RACING]"
                                }
                            ]
                        },
                        {
                            "Condition": "{Item.Team.Name, Converter=StringEquals, Parameter=ferrari}",
                            "Property": "MarginLeft",
                            "Value": "16"
                        },
                        {
                            "Condition": "{Item.Team.Name, Converter=StringEquals, Parameter=mercedes}",
                            "Setters": [
                                {
                                    "Property": "Foreground",
                                    "Value": "{Black}"
                                },
                                {
                                    "Property": "MarginLeft",
                                    "Value": "26"
                                },
                                {
                                    "Property": "Source",
                                    "Value": "[MERCEDES-AMG]"
                                }
                            ]
                        },
                        {
                            "Condition": "{Item.Team.Name, Converter=StringEquals, Parameter=alpine}",
                            "Property": "MarginLeft",
                            "Value": "46"
                        },
                        {
                            "Condition": "{Item.Team.Name, Converter=StringEquals, Parameter=mclaren}",
                            "Setters": [
                                {
                                    "Property": "MarginLeft",
                                    "Value": "3"
                                },
                                {
                                    "Property": "Source",
                                    "Value": "[McLAREN]"
                                }
                            ]
                        },
                        {
                            "Condition": "{Item.Team.Name, Converter=StringEquals, Parameter=alfa romeo}",
                            "Property": "MarginLeft",
                            "Value": "56"
                        },
                        {
                            "Condition": "{Item.Team.Name, Converter=StringEquals, Parameter=aston martin}",
                            "Property": "MarginLeft",
                            "Value": "0"
                        },
                        {
                            "Condition": "{Item.Team.Name, Converter=StringEquals, Parameter=haas}",
                            "Setters": [
                                {
                                    "Property": "Foreground",
                                    "Value": "{Black}"
                                },
                                {
                                    "Property": "MarginLeft",
                                    "Value": 66
                                }
                            ]
                        },
                        {
                            "Condition": "{Item.Team.Name, Converter=StringEquals, Parameter=alphatauri}",
                            "Property": "MarginLeft",
                            "Value": "30"
                        },
                        {
                            "Condition": "{Item.Team.Name, Converter=StringEquals, Parameter=williams}",
                            "Property": "MarginLeft",
                            "Value": "41"
                        },
                        {
                            "Condition": "{Item.Team.Name, Converter=StringEquals, Parameter=renault}",
                            "Property": "Foreground",
                            "Value": "{Black}"
                        },
                        {
                            "Condition": "{Item.Team.Name, Converter=StringEquals, Parameter=virtuosi}",
                            "Setters": [
                                {
                                    "Property": "Foreground",
                                    "Value": "{Black}"
                                }
                            ]
                        },
                        {
                            "Condition": "{Item.Team.Name, Converter=StringEquals, Parameter=ART}",
                            "Setters": [
                                {
                                    "Property": "Foreground",
                                    "Value": "{Black}"
                                }
                            ]
                        },
                        {
                            "Condition": "{Item.Team.Name, Converter=EmptyObjectToTrue}",
                            "Property": "Foreground",
                            "Value": "{Black}"
                        },
                        {
                            "Condition": "{NotF1SeasonOrCustomTeams}",
                            "Property": "MarginLeft",
                            "Value": 50
                        }
                    ]
                }
            ]
        }
    ]
}