{
    "BlockType": "dock",
    "MarginRight": "",
    "VerticalAlignment": "Center",
    "Padding": "0, 0",
    "Background": "{BackgroundDefault}",
    "Triggers": [
        {
            "Condition": "{ItemIndex, Converter=NumberEquals, Parameter=0}",
            "Property": "Background",
            "Value": "{White}"
        },
        {
            "Condition": "{ChampionColour}",
            "Property": "Background",
            "Value": "E9C652"
        },
        {
            "Condition": "{ItemIndex, Converter=NumberGreater, Parameter=0}",
            "Property": "Background",
            "Value": "{BackgroundDefault}"
        }
    ],
    "Items": [
        {
            "BlockType": "stack",
            "HorizontalAlignment": "Left",
            "VerticalAlignment": "Center",
            "Items": [
                {
                    "BlockType": "image",
                    "Triggers": [
                        {
                            "Condition": "{ItemIndex, Converter=NumberEquals, Parameter=0}",
                            "Property": "Background",
                            "Value": "{Item.Team.Color}"
                        },
                        {
                            "Condition": "{Item.Team.Name, Converter=StringEquals, Parameter=carlin}",
                            "Property": "Background",
                            "Value": "{Black}"
                        },
                        {
                            "Condition": "{Item.Team.Name, Converter=StringEquals, Parameter=prema}",
                            "Property": "Background",
                            "Value": "{White}"
                        },
                        {
                            "Condition": "{Item.Team.Name, Converter=StringEquals, Parameter=var}",
                            "Property": "Background",
                            "Value": "{White}"
                        },
                        {
                            "Condition": "{Item.Team.Name, Converter=StringEquals, Parameter=hitech}",
                            "Property": "Background",
                            "Value": "{White}"
                        },
                        {
                            "Condition": "{Item.Team.Name, Converter=StringEquals, Parameter=Red Bull}",
                            "Property": "Background",
                            "Value": "{RedBullOfficial}"
                        },
                        {
                            "Condition": "{Item.Team.Name, Converter=StringEquals, Parameter=Ferrari}",
                            "Property": "Background",
                            "Value": "{FerrariOfficial}"
                        },
                        {
                            "Condition": "{Item.Team.Name, Converter=StringEquals, Parameter=Mercedes}",
                            "Property": "Background",
                            "Value": "{MercedesOfficial}"
                        },
                        {
                            "Condition": "{Item.Team.Name, Converter=StringEquals, Parameter=Alpine}",
                            "Property": "Background",
                            "Value": "{AlpineOfficial}"
                        },
                        {
                            "Condition": "{Item.Team.Name, Converter=StringEquals, Parameter=McLaren}",
                            "Property": "Background",
                            "Value": "{McLarenOfficial}"
                        },
                        {
                            "Condition": "{Item.Team.Name, Converter=StringEquals, Parameter=McLaren}",
                            "Property": "Source",
                            "Value": "images/logos/mclaren.white.png"
                        },
                        {
                            "Condition": "{Item.Team.Name, Converter=StringEquals, Parameter=Alfa Romeo}",
                            "Property": "Background",
                            "Value": "{AlfaRomeoOfficial}"
                        },
                        {
                            "Condition": "{Item.Team.Name, Converter=StringEquals, Parameter=aston martin}",
                            "Property": "Background",
                            "Value": "{AstonMartinOfficial}"
                        },
                        {
                            "Condition": "{Item.Team.Name, Converter=StringEquals, Parameter=Haas}",
                            "Property": "Background",
                            "Value": "{HaasOfficialGrey}"
                        },
                        {
                            "Condition": "{Item.Team.Name, Converter=StringEquals, Parameter=AlphaTauri}",
                            "Property": "Background",
                            "Value": "{AlphaTauriOfficial}"
                        },
                        {
                            "Condition": "{Item.Team.Name, Converter=StringEquals, Parameter=Williams}",
                            "Property": "Background",
                            "Value": "{WilliamsOfficial2}"
                        },
                        {
                            "Condition": "{ItemIndex, Converter=NumberGreater, Parameter=0}",
                            "Property": "Source",
                            "Value": "images/logos/{Item.Team.Name}.png"
                        },
                        {
                            "Condition": "{ItemIndex, Converter=NumberGreater, Parameter=0}",
                            "Setters": [
                                {
                                    "Property": "Background",
                                    "Value": "BackgroundDefault"
                                },
                                {
                                    "Property": "Source",
                                    "Value": "images/logos/{Item.Team.Name}.png"
                                }
                            ]
                        },
                        {
                            "Condition": "{Item.Team.Name, Converter=StringEquals, Parameter=aston martin}",
                            "Setters": [
                                {
                                    "Property": "Source",
                                    "Value": "images/logos/{Item.Team.Name}.white.png"
                                }
                            ]
                        }
                    ],
                    "MarginLeft": 55,
                    "Height": 40,
                    "Width": 40,
                    "MarginRight": 25,
                    "Padding": "12, 0",
                    "VerticalAlignment": "Center",
                    "ImageOptions": {
                        "Path": "images/logos/{Item.Team.Name}.png",
                        "VerticalAlignment": "Center"
                    }
                },
                {
                    "BlockType": "text",
                    "MaxWidth": 1000,
                    "Source": "{Item.Team.Name, Converter=StringToUpperString}",
                    "HorizontalAlignment": "Left",
                    "MarginRight": 100,
                    "FontSize": 30,
                    "VerticalAlignment": "Center",
                    "Foreground": "{Item.Team.Color}",
                    "TextOptionsExtern": "teamCell",
                    "Triggers": [
                        {
                            "Condition": "{ItemIndex, Converter=NumberEquals, Parameter=0}",
                            "Property": "Foreground",
                            "Value": "{Black}"
                        },
                        {
                            "Condition": "{Item.Team.Name, Converter=StringEquals, Parameter=red bull}",
                            "Setters": [
                                {
                                    "Property": "Foreground",
                                    "Value": "1E5BC6"
                                },
                                {
                                    "Property": "Source",
                                    "Value": "[RED BULL HONDA RBPT]"
                                }
                            ]
                        },
                        {
                            "Condition": "{Item.Team.Name, Converter=StringEquals, Parameter=ferrari}",
                            "Setters": [
                                {
                                    "Property": "Foreground",
                                    "Value": "{FerrariOfficial}"
                                },
                                {
                                    "Property": "Source",
                                    "Value": "[FERRARI]"
                                }
                            ]
                        },
                        {
                            "Condition": "{Item.Team.Name, Converter=StringEquals, Parameter=mercedes}",
                            "Setters": [
                                {
                                    "Property": "Foreground",
                                    "Value": "{MercedesOfficial}"
                                },
                                {
                                    "Property": "Source",
                                    "Value": "[MERCEDES]"
                                }
                            ]
                        },
                        {
                            "Condition": "{Item.Team.Name, Converter=StringEquals, Parameter=alpine}",
                            "Setters": [
                                {
                                    "Property": "Foreground",
                                    "Value": "2293D1"
                                },
                                {
                                    "Property": "Source",
                                    "Value": "[ALPINE RENAULT]"
                                }
                            ]
                        },
                        {
                            "Condition": "{Item.Team.Name, Converter=StringEquals, Parameter=mclaren}",
                            "Setters": [
                                {
                                    "Property": "Foreground",
                                    "Value": "{McLarenOfficial}"
                                },
                                {
                                    "Property": "Source",
                                    "Value": "[MCLAREN MERCEDES]"
                                }
                            ]
                        },
                        {
                            "Condition": "{Item.Team.Name, Converter=StringEquals, Parameter=alfa romeo}",
                            "Setters": [
                                {
                                    "Property": "Foreground",
                                    "Value": "{AlfaRomeoOfficial}"
                                },
                                {
                                    "Property": "Source",
                                    "Value": "[ALFA ROMEO FERRARI]"
                                }
                            ]
                        },
                        {
                            "Condition": "{Item.Team.Name, Converter=StringEquals, Parameter=aston martin}",
                            "Setters": [
                                {
                                    "Property": "Foreground",
                                    "Value": "{AstonMartinOfficial}"
                                },
                                {
                                    "Property": "Source",
                                    "Value": "[ASTON MARTIN ARAMCO MERCEDES]"
                                }
                            ]
                        },
                        {
                            "Condition": "{Item.Team.Name, Converter=StringEquals, Parameter=haas}",
                            "Setters": [
                                {
                                    "Property": "Foreground",
                                    "Value": "{HaasOfficialGrey}"
                                },
                                {
                                    "Property": "Source",
                                    "Value": "[HAAS FERRARI]"
                                }
                            ]
                        },
                        {
                            "Condition": "{Item.Team.Name, Converter=StringEquals, Parameter=alphatauri}",
                            "Setters": [
                                {
                                    "Property": "Foreground",
                                    "Value": "4E7C9B"
                                },
                                {
                                    "Property": "Source",
                                    "Value": "[ALPHATAURI HONDA RBPT]"
                                }
                            ]
                        },
                        {
                            "Condition": "{Item.Team.Name, Converter=StringEquals, Parameter=williams}",
                            "Setters": [
                                {
                                    "Property": "Foreground",
                                    "Value": "37BEDD"
                                },
                                {
                                    "Property": "Source",
                                    "Value": "[WILLIAMS MERCEDES]"
                                }
                            ]
                        },
                        {
                            "Condition": "{RenderTeamColours, Converter=BoolReverse}",
                            "Setters": [
                                {
                                    "Property": "Foreground",
                                    "Value": "ABACB5"
                                }
                            ]
                        },
                        {
                            "Condition": "{Item.Team.Name, Converter=EmptyObjectToTrue}",
                            "Setters": [
                                {
                                    "Property": "Source",
                                    "Value": "[RESERVE]"
                                },
                                {
                                    "Property": "MarginLeft",
                                    "Value": "144"
                                },
                                {
                                    "Property": "FontSize",
                                    "Value": "30"
                                }
                            ]
                        },
                        {
                            "Condition": "{ItemIndex, Converter=NumberEquals, Parameter=0}",
                            "Property": "Foreground",
                            "Value": "{Black}"
                        }
                    ]
                }
            ]
        }
    ]
}